guy3_chair070.jpg,149.0,100.0,0.44609454,154.0,96.0,0.56728834,145.0,95.0,0.4922024,162.0,96.0,0.6106286,139.0,98.0,0.50838184,170.0,114.0,0.6767784,134.0,115.0,0.6500043,184.0,80.0,0.52525425,119.0,81.0,0.38391626,181.0,42.0,0.3832268,118.0,42.0,0.3964552,163.0,191.0,0.5164955,138.0,190.0,0.7536257,156.0,245.0,0.7066329,137.0,244.0,0.6623461,157.0,284.0,0.58188486,140.0,282.0,0.5588785
guy3_chair070_flipped.jpg,150.0,101.0,0.61186844,154.0,95.0,0.46101585,145.0,95.0,0.6521336,158.0,97.0,0.40797275,137.0,98.0,0.6532111,165.0,115.0,0.7225928,127.0,114.0,0.5691708,181.0,81.0,0.7165383,115.0,78.0,0.7302211,179.0,39.0,0.76225907,117.0,39.0,0.2720298,162.0,190.0,0.72389376,136.0,192.0,0.7014855,162.0,244.0,0.8205784,143.0,246.0,0.80564004,159.0,282.0,0.7003485,144.0,285.0,0.61041296
guy3_chair071.jpg,149.0,102.0,0.2901663,155.0,97.0,0.49970907,145.0,97.0,0.4397789,163.0,99.0,0.47957385,140.0,99.0,0.36887023,172.0,115.0,0.56784415,133.0,116.0,0.71580887,184.0,82.0,0.65551573,119.0,83.0,0.38871798,181.0,39.0,0.42268294,118.0,45.0,0.4551847,164.0,191.0,0.6144843,138.0,191.0,0.7349175,156.0,247.0,0.7378974,137.0,245.0,0.6861874,158.0,287.0,0.6634134,141.0,282.0,0.62088686
guy3_chair071_flipped.jpg,149.0,103.0,0.505692,154.0,97.0,0.53537506,144.0,98.0,0.59168905,158.0,99.0,0.5575984,136.0,100.0,0.64641607,165.0,115.0,0.77018464,126.0,116.0,0.7250381,181.0,83.0,0.77541625,116.0,81.0,0.77127683,179.0,42.0,0.83591264,117.0,44.0,0.30674878,161.0,192.0,0.7947595,135.0,193.0,0.763739,162.0,246.0,0.68445003,143.0,247.0,0.7623856,158.0,284.0,0.63396865,143.0,288.0,0.51226854
guy3_chair072.jpg,149.0,105.0,0.43115908,155.0,100.0,0.6064296,145.0,100.0,0.3990831,164.0,101.0,0.52507186,140.0,101.0,0.45677042,172.0,117.0,0.583911,134.0,119.0,0.6809819,183.0,82.0,0.5071354,119.0,86.0,0.42373604,180.0,40.0,0.5252481,118.0,46.0,0.41763648,163.0,195.0,0.6462307,139.0,193.0,0.63416684,156.0,249.0,0.7117628,136.0,245.0,0.57889676,156.0,287.0,0.5299269,141.0,283.0,0.6162207
guy3_chair072_flipped.jpg,149.0,105.0,0.5528232,154.0,100.0,0.4248105,144.0,100.0,0.5100986,158.0,100.0,0.6309223,136.0,101.0,0.5509954,163.0,118.0,0.62329245,126.0,118.0,0.68990767,180.0,86.0,0.7233975,116.0,83.0,0.54660714,180.0,44.0,0.59937656,118.0,45.0,0.37613052,160.0,193.0,0.72655237,135.0,194.0,0.693567,162.0,246.0,0.7244635,143.0,248.0,0.6295379,158.0,286.0,0.66659284,143.0,288.0,0.48577377
guy3_chair073.jpg,149.0,107.0,0.46008646,154.0,102.0,0.5287916,145.0,102.0,0.4362733,163.0,102.0,0.34764007,140.0,103.0,0.4061212,172.0,118.0,0.54719627,135.0,121.0,0.553439,182.0,84.0,0.57279503,120.0,87.0,0.45890993,181.0,42.0,0.46966803,118.0,45.0,0.35449833,165.0,196.0,0.7000909,140.0,195.0,0.6862912,156.0,249.0,0.7364776,137.0,246.0,0.58700585,157.0,287.0,0.51138186,142.0,283.0,0.59945035
guy3_chair073_flipped.jpg,149.0,107.0,0.48173755,154.0,101.0,0.4954797,145.0,101.0,0.56603146,158.0,102.0,0.55961585,136.0,103.0,0.34331518,163.0,120.0,0.5333278,126.0,119.0,0.57226807,180.0,87.0,0.7834157,117.0,84.0,0.5388379,181.0,45.0,0.6886592,118.0,46.0,0.51242495,159.0,194.0,0.774071,135.0,195.0,0.76527816,163.0,247.0,0.6885538,143.0,249.0,0.7003812,157.0,285.0,0.6374839,142.0,289.0,0.5925969
guy3_chair074.jpg,149.0,108.0,0.4291425,154.0,103.0,0.29008648,145.0,103.0,0.2847221,163.0,104.0,0.46542433,140.0,105.0,0.44524655,172.0,120.0,0.5080098,135.0,122.0,0.5427594,183.0,85.0,0.56563234,119.0,89.0,0.4038532,180.0,44.0,0.5348629,118.0,50.0,0.37101766,164.0,195.0,0.6631203,140.0,194.0,0.6492258,155.0,251.0,0.6497223,136.0,249.0,0.69914544,158.0,288.0,0.6331929,143.0,283.0,0.60902786
guy3_chair074_flipped.jpg,150.0,108.0,0.53924847,153.0,103.0,0.29831094,145.0,103.0,0.45631734,156.0,103.0,0.61843455,136.0,105.0,0.5592468,163.0,121.0,0.6156561,125.0,120.0,0.6287093,181.0,90.0,0.75993586,117.0,86.0,0.52887356,182.0,51.0,0.7009284,119.0,46.0,0.52592194,159.0,194.0,0.7993885,135.0,195.0,0.7828092,163.0,248.0,0.65465546,144.0,250.0,0.7622941,157.0,284.0,0.6590004,143.0,289.0,0.59493196
guy3_chair075.jpg,148.0,110.0,0.6466471,153.0,105.0,0.6420529,144.0,105.0,0.65671265,163.0,105.0,0.5561665,140.0,106.0,0.39337215,172.0,122.0,0.5166658,134.0,123.0,0.6752044,182.0,87.0,0.68249285,119.0,90.0,0.3613188,178.0,48.0,0.41713884,118.0,50.0,0.33235285,164.0,197.0,0.65025973,139.0,196.0,0.46529362,155.0,252.0,0.6760714,135.0,249.0,0.6463373,157.0,287.0,0.5867672,143.0,281.0,0.5735009
guy3_chair075_flipped.jpg,150.0,110.0,0.61024976,155.0,105.0,0.61029017,146.0,105.0,0.6896719,158.0,105.0,0.5917934,136.0,106.0,0.5807878,162.0,121.0,0.5420792,126.0,120.0,0.65218866,180.0,91.0,0.69224703,118.0,87.0,0.5686742,183.0,50.0,0.40565285,121.0,47.0,0.45100498,158.0,194.0,0.50720876,134.0,195.0,0.5739081,164.0,248.0,0.6406147,143.0,251.0,0.6939247,156.0,284.0,0.58017564,142.0,289.0,0.48746297
guy3_chair076.jpg,149.0,111.0,0.46404564,154.0,107.0,0.59618115,144.0,107.0,0.5502763,163.0,107.0,0.36276868,140.0,108.0,0.42707697,172.0,124.0,0.47181016,135.0,126.0,0.5852623,181.0,88.0,0.69817746,120.0,91.0,0.41332838,178.0,50.0,0.38493037,117.0,51.0,0.43871364,164.0,197.0,0.64820766,140.0,195.0,0.49613705,154.0,252.0,0.5385679,134.0,250.0,0.77719295,157.0,288.0,0.5635246,144.0,282.0,0.570561
guy3_chair076_flipped.jpg,150.0,112.0,0.5130618,155.0,106.0,0.64363265,146.0,106.0,0.67732936,159.0,106.0,0.37218335,137.0,107.0,0.59365153,163.0,123.0,0.6057296,126.0,122.0,0.72505975,181.0,90.0,0.6569246,119.0,88.0,0.5572767,183.0,53.0,0.61329997,121.0,50.0,0.34852326,157.0,195.0,0.5151496,134.0,196.0,0.6005248,164.0,249.0,0.75847834,144.0,252.0,0.663493,156.0,283.0,0.5270622,143.0,289.0,0.55404484
guy3_chair077.jpg,148.0,112.0,0.47193623,153.0,109.0,0.5179267,144.0,108.0,0.37519073,163.0,109.0,0.56433415,140.0,109.0,0.40259054,171.0,126.0,0.4249144,135.0,126.0,0.6376703,181.0,89.0,0.4619431,120.0,94.0,0.45000687,177.0,49.0,0.2753885,116.0,54.0,0.5584899,166.0,196.0,0.6666231,141.0,196.0,0.54173994,154.0,251.0,0.53273857,135.0,249.0,0.762201,158.0,287.0,0.44481355,144.0,282.0,0.5849579
guy3_chair077_flipped.jpg,151.0,112.0,0.56574523,155.0,108.0,0.42991182,146.0,108.0,0.6327094,158.0,108.0,0.4972218,137.0,109.0,0.5457728,162.0,125.0,0.4612627,127.0,124.0,0.70812577,180.0,91.0,0.6797724,120.0,88.0,0.52633154,183.0,53.0,0.7299031,122.0,51.0,0.5324533,159.0,196.0,0.6568871,133.0,197.0,0.6757066,164.0,250.0,0.69320273,144.0,251.0,0.5947923,157.0,283.0,0.47658044,143.0,290.0,0.4372425
guy3_chair078.jpg,148.0,114.0,0.67033696,153.0,110.0,0.7033181,144.0,110.0,0.66647387,163.0,110.0,0.58719397,140.0,110.0,0.38603178,172.0,128.0,0.63037634,135.0,128.0,0.6082227,181.0,93.0,0.6273898,119.0,98.0,0.3857209,176.0,53.0,0.6161841,114.0,57.0,0.5787988,165.0,199.0,0.6646278,141.0,197.0,0.6189394,153.0,251.0,0.7073322,134.0,249.0,0.75767446,158.0,288.0,0.491462,144.0,282.0,0.5910716
guy3_chair078_flipped.jpg,151.0,114.0,0.64041865,155.0,109.0,0.60705185,147.0,109.0,0.7794626,158.0,109.0,0.4702536,137.0,109.0,0.65463185,162.0,126.0,0.4624819,128.0,125.0,0.6729435,182.0,93.0,0.62299407,120.0,92.0,0.47645536,184.0,55.0,0.76789695,123.0,57.0,0.47408795,158.0,196.0,0.71739364,132.0,198.0,0.70522654,164.0,249.0,0.7265935,144.0,251.0,0.53186977,156.0,282.0,0.48427284,143.0,289.0,0.32069853
guy3_chair079.jpg,146.0,116.0,0.58957386,152.0,111.0,0.7627661,143.0,110.0,0.6889357,163.0,111.0,0.51162493,140.0,111.0,0.340992,172.0,128.0,0.63749224,134.0,128.0,0.7090371,180.0,94.0,0.6420585,118.0,98.0,0.50694776,174.0,50.0,0.4066085,113.0,58.0,0.5937087,166.0,199.0,0.6661604,142.0,198.0,0.66386354,153.0,251.0,0.7533844,133.0,250.0,0.7320589,158.0,288.0,0.44559187,145.0,281.0,0.59653485
guy3_chair079_flipped.jpg,152.0,116.0,0.5998248,156.0,110.0,0.67786217,148.0,111.0,0.7373716,158.0,111.0,0.32015786,138.0,111.0,0.7145357,162.0,127.0,0.5987201,128.0,126.0,0.71848655,183.0,94.0,0.6259994,121.0,92.0,0.5420892,184.0,55.0,0.7589499,124.0,56.0,0.5966133,157.0,197.0,0.773018,132.0,198.0,0.7391885,166.0,249.0,0.78208244,145.0,252.0,0.69098157,156.0,282.0,0.45847353,143.0,289.0,0.32544616
guy3_chair080.jpg,144.0,117.0,0.30406448,150.0,112.0,0.37087092,141.0,111.0,0.39492276,162.0,113.0,0.6256048,138.0,112.0,0.44800833,171.0,129.0,0.6579233,134.0,130.0,0.44493324,178.0,96.0,0.56163394,117.0,98.0,0.49518046,173.0,53.0,0.2642869,112.0,59.0,0.45799762,165.0,199.0,0.66458213,142.0,198.0,0.6662695,152.0,249.0,0.7088285,132.0,249.0,0.74402714,158.0,286.0,0.46623245,145.0,280.0,0.43507963
guy3_chair080_flipped.jpg,153.0,117.0,0.31689057,157.0,111.0,0.56568253,148.0,112.0,0.5364411,158.0,112.0,0.4036628,138.0,113.0,0.6403129,163.0,129.0,0.62455523,128.0,127.0,0.7328361,183.0,97.0,0.59049046,121.0,96.0,0.41443875,185.0,58.0,0.6988795,126.0,55.0,0.4940585,156.0,196.0,0.75135314,132.0,198.0,0.75548196,167.0,248.0,0.7854041,145.0,250.0,0.8076695,155.0,281.0,0.60065645,143.0,287.0,0.5901463
guy3_chair081.jpg,143.0,119.0,0.66651714,148.0,114.0,0.6344143,139.0,113.0,0.6136298,160.0,114.0,0.6732825,137.0,114.0,0.45404965,170.0,128.0,0.7096443,133.0,129.0,0.57588065,178.0,96.0,0.40797964,114.0,99.0,0.5002582,172.0,55.0,0.36600867,110.0,59.0,0.42529252,166.0,199.0,0.6955397,142.0,197.0,0.67348504,152.0,249.0,0.7252271,132.0,248.0,0.6840701,159.0,284.0,0.5522868,145.0,280.0,0.40035382
guy3_chair081_flipped.jpg,154.0,119.0,0.5815816,158.0,113.0,0.5348109,149.0,113.0,0.5327205,159.0,112.0,0.56450737,140.0,113.0,0.6936585,165.0,128.0,0.6826378,129.0,128.0,0.72615695,184.0,97.0,0.6484257,121.0,96.0,0.4113433,188.0,58.0,0.45944712,126.0,60.0,0.5100298,156.0,196.0,0.7482553,132.0,198.0,0.7606948,167.0,248.0,0.6588574,145.0,250.0,0.7772578,155.0,279.0,0.514766,142.0,286.0,0.60132456
guy3_chair082.jpg,142.0,121.0,0.57043266,148.0,115.0,0.75861,139.0,115.0,0.6714814,158.0,116.0,0.4757048,136.0,116.0,0.36525825,170.0,130.0,0.59941155,132.0,130.0,0.6225853,178.0,95.0,0.53751224,113.0,99.0,0.45626423,171.0,59.0,0.4700396,109.0,61.0,0.53801787,167.0,199.0,0.6892816,143.0,199.0,0.7074982,152.0,249.0,0.65383935,131.0,248.0,0.6680492,158.0,283.0,0.54387486,145.0,279.0,0.37817812
guy3_chair082_flipped.jpg,156.0,121.0,0.6227614,159.0,114.0,0.5867113,151.0,115.0,0.74861526,161.0,114.0,0.6250734,140.0,115.0,0.5550349,164.0,130.0,0.66080636,129.0,129.0,0.4424774,186.0,99.0,0.6021913,123.0,95.0,0.5195534,188.0,58.0,0.5459105,127.0,59.0,0.6728213,156.0,197.0,0.76020306,132.0,199.0,0.7871318,168.0,248.0,0.76135284,145.0,249.0,0.6446618,155.0,279.0,0.566661,142.0,284.0,0.5176776
guy3_chair083.jpg,141.0,122.0,0.4474519,146.0,117.0,0.61338055,137.0,116.0,0.50334954,157.0,116.0,0.5672033,135.0,118.0,0.4462371,168.0,132.0,0.62783617,132.0,131.0,0.6313314,177.0,98.0,0.66417277,111.0,99.0,0.27509165,169.0,60.0,0.3899819,109.0,62.0,0.4688576,167.0,199.0,0.6825152,143.0,198.0,0.6909753,151.0,248.0,0.6013458,130.0,246.0,0.65776134,158.0,283.0,0.62789655,145.0,278.0,0.5145047
guy3_chair083_flipped.jpg,158.0,121.0,0.41412944,161.0,116.0,0.63703793,153.0,116.0,0.603025,163.0,115.0,0.37055603,142.0,116.0,0.580636,164.0,130.0,0.6051735,130.0,130.0,0.5191309,187.0,98.0,0.62964004,124.0,100.0,0.4332876,189.0,60.0,0.44771612,130.0,61.0,0.4492903,155.0,197.0,0.6651876,132.0,199.0,0.7405474,168.0,245.0,0.7989117,146.0,248.0,0.6264746,155.0,278.0,0.48095286,143.0,282.0,0.6484918
guy3_chair084.jpg,139.0,123.0,0.5652536,145.0,118.0,0.46355242,135.0,118.0,0.3726901,157.0,118.0,0.5853952,134.0,118.0,0.4451124,167.0,132.0,0.5505824,131.0,132.0,0.5898893,175.0,100.0,0.5526488,110.0,101.0,0.29796797,168.0,60.0,0.28888926,109.0,63.0,0.4451003,168.0,200.0,0.6530796,143.0,199.0,0.7097704,150.0,248.0,0.6065235,129.0,246.0,0.6976537,157.0,283.0,0.6109518,143.0,278.0,0.42251295
guy3_chair084_flipped.jpg,159.0,124.0,0.5624923,163.0,118.0,0.44751084,155.0,118.0,0.5427373,163.0,117.0,0.35796735,143.0,117.0,0.5812039,166.0,133.0,0.6446257,131.0,131.0,0.5948634,187.0,102.0,0.40602067,124.0,100.0,0.40697873,191.0,64.0,0.45629427,131.0,64.0,0.41580635,154.0,198.0,0.71933365,131.0,199.0,0.5086559,170.0,244.0,0.80597305,148.0,247.0,0.66276455,156.0,275.0,0.5198957,143.0,281.0,0.6633289
guy3_chair085.jpg,138.0,125.0,0.62077254,143.0,119.0,0.6901636,134.0,119.0,0.67608917,156.0,118.0,0.7205857,133.0,119.0,0.41992947,166.0,133.0,0.47809812,131.0,133.0,0.48175734,174.0,101.0,0.4855924,110.0,103.0,0.45827577,164.0,63.0,0.36809468,106.0,64.0,0.5119906,167.0,200.0,0.49306005,144.0,200.0,0.68616754,149.0,245.0,0.6607951,129.0,243.0,0.81564546,157.0,282.0,0.5675386,144.0,277.0,0.4864968
guy3_chair085_flipped.jpg,160.0,125.0,0.5938802,163.0,118.0,0.5133921,155.0,119.0,0.6501533,165.0,118.0,0.47113982,144.0,118.0,0.7059711,167.0,135.0,0.56619525,132.0,132.0,0.62704176,190.0,100.0,0.60479206,125.0,102.0,0.3766907,193.0,64.0,0.59820735,133.0,63.0,0.4193668,153.0,198.0,0.8154028,130.0,200.0,0.61609495,170.0,241.0,0.8608054,148.0,245.0,0.74093246,157.0,276.0,0.53922725,143.0,281.0,0.6660048
guy3_chair086.jpg,137.0,126.0,0.59814274,143.0,120.0,0.7749025,134.0,120.0,0.6860697,155.0,118.0,0.72683465,132.0,119.0,0.44475457,166.0,133.0,0.62236524,130.0,132.0,0.6714941,172.0,103.0,0.5320182,109.0,102.0,0.5387064,163.0,65.0,0.34741142,105.0,66.0,0.4389317,167.0,199.0,0.5636703,144.0,197.0,0.5804379,149.0,244.0,0.6174,128.0,242.0,0.6313753,157.0,279.0,0.63756657,144.0,275.0,0.54281926
guy3_chair086_flipped.jpg,161.0,125.0,0.5874543,165.0,119.0,0.7134495,156.0,119.0,0.7661521,166.0,119.0,0.48885635,146.0,119.0,0.6577723,167.0,134.0,0.51197684,133.0,132.0,0.62922907,190.0,100.0,0.56753004,127.0,105.0,0.53989,194.0,64.0,0.5182621,136.0,66.0,0.44267485,153.0,197.0,0.7661986,129.0,200.0,0.7689792,170.0,240.0,0.7496089,148.0,244.0,0.71958,157.0,273.0,0.41063654,143.0,280.0,0.6783033
guy3_chair087.jpg,135.0,126.0,0.3605171,141.0,120.0,0.69290096,132.0,120.0,0.56278294,154.0,119.0,0.60775006,132.0,120.0,0.40437678,165.0,134.0,0.5063877,131.0,133.0,0.46258685,170.0,103.0,0.46662426,108.0,103.0,0.50025076,160.0,64.0,0.4137708,104.0,66.0,0.29181334,168.0,198.0,0.47266522,146.0,197.0,0.70153093,148.0,242.0,0.7397384,128.0,240.0,0.7768631,158.0,279.0,0.63901865,144.0,277.0,0.53567433
guy3_chair087_flipped.jpg,162.0,126.0,0.47119567,166.0,120.0,0.6638405,158.0,120.0,0.6648525,167.0,119.0,0.39015347,145.0,119.0,0.58604634,167.0,134.0,0.49291238,133.0,132.0,0.64252627,191.0,103.0,0.4600153,129.0,104.0,0.5478966,195.0,67.0,0.38932467,136.0,68.0,0.50084853,152.0,197.0,0.728029,128.0,199.0,0.77590406,170.0,238.0,0.85551584,148.0,241.0,0.60425127,155.0,271.0,0.47125912,143.0,278.0,0.6996609
guy3_chair088.jpg,134.0,126.0,0.5397078,139.0,121.0,0.54403937,131.0,121.0,0.38242686,152.0,120.0,0.70082915,131.0,120.0,0.34507415,163.0,135.0,0.48951223,128.0,134.0,0.6888704,168.0,103.0,0.38148016,108.0,104.0,0.41888744,158.0,65.0,0.23641334,101.0,68.0,0.44314855,169.0,197.0,0.46764007,147.0,197.0,0.67839086,147.0,241.0,0.5714408,128.0,239.0,0.83112293,158.0,277.0,0.6047983,143.0,274.0,0.621444
guy3_chair088_flipped.jpg,163.0,126.0,0.36971354,167.0,120.0,0.5046215,159.0,120.0,0.4841138,167.0,120.0,0.3359525,146.0,119.0,0.66309625,168.0,134.0,0.41418767,133.0,132.0,0.64890575,191.0,105.0,0.38223282,131.0,104.0,0.42771125,197.0,67.0,0.5896907,140.0,67.0,0.37132832,151.0,197.0,0.7229601,128.0,198.0,0.5717102,171.0,237.0,0.8424451,149.0,240.0,0.7097603,157.0,270.0,0.52255714,143.0,277.0,0.7692127
guy3_chair089.jpg,133.0,127.0,0.61324084,138.0,122.0,0.58843297,131.0,121.0,0.4770482,151.0,121.0,0.6907112,131.0,121.0,0.25278395,163.0,135.0,0.4635807,129.0,135.0,0.6793774,166.0,100.0,0.44934243,108.0,104.0,0.4292471,155.0,63.0,0.37210804,101.0,69.0,0.46297133,169.0,199.0,0.7280725,147.0,197.0,0.6977482,149.0,239.0,0.587117,128.0,236.0,0.6838238,157.0,276.0,0.548367,143.0,274.0,0.6422752
guy3_chair089_flipped.jpg,165.0,126.0,0.4167933,167.0,120.0,0.47101945,160.0,120.0,0.62930655,166.0,121.0,0.28842226,148.0,120.0,0.7462204,167.0,135.0,0.37781224,134.0,133.0,0.62495375,191.0,104.0,0.5169451,133.0,103.0,0.5373984,198.0,68.0,0.61047935,142.0,68.0,0.53984046,151.0,197.0,0.7262314,128.0,198.0,0.52915025,172.0,235.0,0.6957371,149.0,239.0,0.70552784,156.0,270.0,0.422911,144.0,275.0,0.74296653
guy3_chair090.jpg,132.0,127.0,0.59897363,137.0,122.0,0.5792601,130.0,122.0,0.52014875,150.0,121.0,0.6580585,131.0,121.0,0.32540885,162.0,135.0,0.3874084,128.0,134.0,0.70646405,165.0,101.0,0.47792667,105.0,102.0,0.38662687,153.0,67.0,0.22439066,99.0,68.0,0.3537703,170.0,197.0,0.72792166,149.0,196.0,0.61570066,148.0,238.0,0.7199728,128.0,234.0,0.7556261,156.0,276.0,0.5909599,142.0,273.0,0.61147475
guy3_chair090_flipped.jpg,166.0,126.0,0.46431264,168.0,121.0,0.53023577,161.0,120.0,0.65991473,167.0,121.0,0.29749015,149.0,120.0,0.69341326,168.0,135.0,0.4368586,135.0,133.0,0.45268756,191.0,105.0,0.42189288,135.0,102.0,0.6046528,201.0,69.0,0.55202836,146.0,68.0,0.35342917,150.0,196.0,0.69054127,127.0,199.0,0.769177,172.0,232.0,0.7842818,150.0,237.0,0.7454732,157.0,268.0,0.47753936,143.0,275.0,0.7174709
guy3_chair091.jpg,131.0,127.0,0.4324478,137.0,121.0,0.68728703,129.0,121.0,0.54367995,150.0,120.0,0.7050657,130.0,120.0,0.31839323,161.0,134.0,0.54783225,127.0,133.0,0.66214335,164.0,102.0,0.33302063,105.0,104.0,0.40832275,150.0,68.0,0.25606754,96.0,70.0,0.48381853,172.0,195.0,0.69470626,149.0,195.0,0.56622887,147.0,235.0,0.67952156,126.0,232.0,0.7303449,155.0,275.0,0.533173,142.0,271.0,0.52033865
guy3_chair091_flipped.jpg,166.0,126.0,0.51992375,169.0,120.0,0.6000751,162.0,120.0,0.7136731,169.0,120.0,0.33680144,150.0,119.0,0.64741164,168.0,134.0,0.36194733,137.0,132.0,0.6205651,192.0,106.0,0.31256732,138.0,102.0,0.53702056,202.0,70.0,0.49624065,147.0,69.0,0.45573944,149.0,197.0,0.621178,127.0,198.0,0.7378165,173.0,230.0,0.75102293,151.0,234.0,0.6293341,157.0,270.0,0.44464794,144.0,273.0,0.724164
guy3_chair092.jpg,130.0,126.0,0.43817648,136.0,120.0,0.7254484,129.0,120.0,0.61954993,149.0,119.0,0.68340886,130.0,119.0,0.38716933,160.0,133.0,0.607834,126.0,132.0,0.5663017,161.0,100.0,0.32993048,105.0,104.0,0.6789696,150.0,68.0,0.1846772,95.0,70.0,0.48583624,171.0,194.0,0.57931846,148.0,194.0,0.74720854,147.0,233.0,0.6788055,126.0,230.0,0.6112421,155.0,274.0,0.5164347,141.0,270.0,0.4969701
guy3_chair092_flipped.jpg,167.0,125.0,0.5373859,170.0,119.0,0.68997777,162.0,119.0,0.7238258,170.0,119.0,0.38023078,150.0,119.0,0.66635656,169.0,133.0,0.384719,137.0,131.0,0.630618,193.0,106.0,0.45860538,141.0,97.0,0.5219145,204.0,69.0,0.5971944,150.0,68.0,0.4295144,149.0,194.0,0.50130594,127.0,196.0,0.6951239,172.0,228.0,0.73609936,152.0,233.0,0.7039211,158.0,268.0,0.45075613,145.0,270.0,0.5571861
guy3_chair093.jpg,129.0,125.0,0.588225,135.0,120.0,0.5644562,127.0,119.0,0.6212673,148.0,118.0,0.66518223,131.0,118.0,0.5229726,162.0,133.0,0.56780535,125.0,131.0,0.589172,160.0,102.0,0.57474136,105.0,105.0,0.7861401,146.0,68.0,0.48866293,94.0,70.0,0.4008819,172.0,194.0,0.6159588,150.0,194.0,0.6666078,145.0,231.0,0.7556846,126.0,228.0,0.7633266,156.0,269.0,0.7044549,141.0,266.0,0.6865374
guy3_chair093_flipped.jpg,167.0,125.0,0.48804045,170.0,119.0,0.7568946,163.0,119.0,0.7388444,169.0,118.0,0.53220254,149.0,118.0,0.48474535,170.0,131.0,0.63450104,137.0,129.0,0.6513268,193.0,106.0,0.44676346,140.0,101.0,0.4971219,206.0,70.0,0.63057625,150.0,69.0,0.62572396,150.0,194.0,0.56651795,126.0,197.0,0.6633183,174.0,226.0,0.8680675,153.0,230.0,0.76356405,158.0,265.0,0.49671686,144.0,267.0,0.745445
guy3_chair094.jpg,128.0,124.0,0.63311464,134.0,119.0,0.57898784,126.0,118.0,0.38745114,147.0,117.0,0.41888326,128.0,117.0,0.33397317,159.0,131.0,0.55958986,126.0,130.0,0.4998105,159.0,101.0,0.33309698,104.0,105.0,0.49171838,145.0,68.0,0.3411765,91.0,70.0,0.4425435,173.0,194.0,0.72134554,150.0,193.0,0.5365487,145.0,230.0,0.64797866,126.0,225.0,0.6534184,156.0,267.0,0.58439034,142.0,264.0,0.6048906
guy3_chair094_flipped.jpg,168.0,124.0,0.5243875,172.0,118.0,0.53929174,164.0,118.0,0.52541745,172.0,118.0,0.3726891,150.0,117.0,0.5072696,170.0,131.0,0.50186396,139.0,129.0,0.569512,195.0,104.0,0.53164995,141.0,104.0,0.54886913,207.0,69.0,0.38988128,153.0,69.0,0.426473,148.0,193.0,0.745157,126.0,195.0,0.6858232,173.0,224.0,0.79802465,153.0,227.0,0.7098751,158.0,262.0,0.3304628,143.0,265.0,0.6285784
guy3_chair095.jpg,127.0,123.0,0.6704054,133.0,118.0,0.7130929,125.0,117.0,0.43510613,147.0,117.0,0.6264554,130.0,116.0,0.49680582,160.0,131.0,0.6817374,126.0,130.0,0.5970994,157.0,99.0,0.5298101,103.0,105.0,0.7366922,141.0,69.0,0.5674329,90.0,72.0,0.6186087,173.0,194.0,0.6514708,152.0,195.0,0.7949006,143.0,227.0,0.71644604,126.0,223.0,0.73192716,155.0,266.0,0.53535277,140.0,264.0,0.6841266
guy3_chair095_flipped.jpg,169.0,123.0,0.73396504,171.0,116.0,0.7508553,164.0,117.0,0.76554054,167.0,116.0,0.64560163,150.0,116.0,0.77040386,171.0,128.0,0.7582749,137.0,127.0,0.8265015,195.0,105.0,0.69092166,142.0,105.0,0.5250727,209.0,72.0,0.82005596,155.0,71.0,0.8573247,147.0,192.0,0.8190571,124.0,195.0,0.81623447,175.0,223.0,0.8153654,156.0,228.0,0.55729616,158.0,263.0,0.8396619,144.0,266.0,0.8063758
guy3_chair096.jpg,128.0,123.0,0.7088118,133.0,117.0,0.6875988,125.0,117.0,0.79220504,146.0,116.0,0.7496228,130.0,115.0,0.6769996,159.0,128.0,0.7448821,129.0,128.0,0.44613898,154.0,98.0,0.655414,103.0,105.0,0.7338654,140.0,69.0,0.85675174,88.0,70.0,0.76026475,177.0,194.0,0.82275945,156.0,192.0,0.621063,144.0,227.0,0.64012647,124.0,222.0,0.8025346,156.0,263.0,0.8905635,141.0,262.0,0.785406
guy3_chair096_flipped.jpg,170.0,121.0,0.54482365,173.0,116.0,0.75449884,165.0,115.0,0.7628905,170.0,116.0,0.6809871,152.0,114.0,0.8077541,171.0,129.0,0.7830535,138.0,127.0,0.8259076,196.0,105.0,0.5463414,145.0,102.0,0.5898601,210.0,73.0,0.8021644,156.0,73.0,0.7545932,146.0,190.0,0.6585996,123.0,193.0,0.9051019,176.0,221.0,0.90753454,156.0,226.0,0.6593429,158.0,260.0,0.6559676,144.0,263.0,0.8257961
guy3_chair097.jpg,127.0,122.0,0.70573515,133.0,117.0,0.79735386,125.0,116.0,0.7413151,146.0,115.0,0.8114121,128.0,114.0,0.67672443,159.0,128.0,0.64156556,124.0,126.0,0.73826426,154.0,101.0,0.6986642,103.0,103.0,0.673061,139.0,71.0,0.67892957,87.0,72.0,0.5773769,178.0,191.0,0.75773835,154.0,190.0,0.7389153,144.0,223.0,0.7679806,123.0,219.0,0.7017516,156.0,263.0,0.667694,141.0,260.0,0.77298903
guy3_chair097_flipped.jpg,171.0,119.0,0.5724771,173.0,114.0,0.7025947,165.0,114.0,0.7526185,171.0,114.0,0.57495403,152.0,112.0,0.69641,172.0,126.0,0.6065512,139.0,124.0,0.8422697,198.0,104.0,0.5790877,145.0,103.0,0.6384539,210.0,73.0,0.8577314,159.0,71.0,0.85609126,145.0,188.0,0.57923627,122.0,192.0,0.9032024,175.0,218.0,0.89653873,156.0,224.0,0.7296316,157.0,259.0,0.59567004,144.0,262.0,0.84467685
guy3_chair098.jpg,127.0,119.0,0.62584645,133.0,114.0,0.60086536,125.0,112.0,0.79796493,146.0,112.0,0.74972904,129.0,110.0,0.7863224,159.0,125.0,0.7425415,126.0,123.0,0.78039217,152.0,95.0,0.5804086,102.0,104.0,0.6790495,137.0,69.0,0.8203314,87.0,69.0,0.6211753,178.0,192.0,0.8607314,159.0,190.0,0.8611996,143.0,222.0,0.8070615,125.0,220.0,0.72942436,156.0,260.0,0.8310481,143.0,257.0,0.8184846
guy3_chair098_flipped.jpg,171.0,118.0,0.70897853,173.0,113.0,0.5738461,166.0,113.0,0.62149227,170.0,112.0,0.5765575,153.0,111.0,0.8695679,172.0,125.0,0.676283,140.0,123.0,0.88417816,197.0,103.0,0.7459599,147.0,100.0,0.57704663,214.0,72.0,0.759487,161.0,70.0,0.8758627,144.0,187.0,0.6428299,122.0,189.0,0.90583056,176.0,217.0,0.8098656,157.0,222.0,0.74279237,156.0,257.0,0.71267617,143.0,261.0,0.8739603
guy3_chair099.jpg,126.0,118.0,0.6526542,132.0,112.0,0.6146979,124.0,111.0,0.6457875,145.0,111.0,0.7994706,129.0,110.0,0.8183604,160.0,124.0,0.6108288,126.0,122.0,0.5541951,150.0,95.0,0.6053064,102.0,102.0,0.7178824,135.0,68.0,0.763908,86.0,68.0,0.64436483,178.0,191.0,0.7821212,158.0,188.0,0.8571471,143.0,220.0,0.8228458,123.0,216.0,0.65749633,155.0,259.0,0.8153633,141.0,256.0,0.8286684
guy3_chair099_flipped.jpg,172.0,117.0,0.7634284,174.0,112.0,0.6934172,166.0,112.0,0.73974395,171.0,111.0,0.67062545,154.0,110.0,0.73171717,171.0,124.0,0.7965337,140.0,122.0,0.77337235,199.0,103.0,0.6570506,149.0,99.0,0.5855591,215.0,72.0,0.5791755,163.0,68.0,0.91351026,144.0,186.0,0.79653776,122.0,188.0,0.7889178,176.0,216.0,0.8108018,158.0,220.0,0.52424526,158.0,256.0,0.767869,144.0,261.0,0.7749289
guy3_chair100.jpg,126.0,116.0,0.6369246,131.0,109.0,0.7290478,124.0,109.0,0.83636576,144.0,108.0,0.70037717,130.0,107.0,0.66958827,157.0,122.0,0.76330703,126.0,121.0,0.71586835,147.0,90.0,0.4562388,101.0,99.0,0.82057583,133.0,63.0,0.6463987,84.0,67.0,0.6546581,180.0,190.0,0.7649919,159.0,189.0,0.81776273,142.0,217.0,0.70217335,124.0,215.0,0.72252727,156.0,254.0,0.7762185,140.0,255.0,0.9208486
guy3_chair100_flipped.jpg,172.0,115.0,0.7339891,174.0,110.0,0.6617336,167.0,109.0,0.7586406,172.0,109.0,0.561998,154.0,107.0,0.67802215,171.0,122.0,0.6909671,141.0,119.0,0.6360116,199.0,100.0,0.5498402,147.0,98.0,0.29420343,214.0,69.0,0.5592183,164.0,65.0,0.7235557,143.0,185.0,0.71714956,122.0,187.0,0.847143,176.0,213.0,0.68117213,158.0,218.0,0.7717215,157.0,255.0,0.66268677,144.0,258.0,0.77626044
guy3_chair101.jpg,126.0,113.0,0.5898696,131.0,108.0,0.48859292,124.0,107.0,0.63464177,144.0,106.0,0.60329795,130.0,106.0,0.68060046,156.0,121.0,0.5674008,129.0,120.0,0.37087265,147.0,89.0,0.35382316,104.0,100.0,0.58071816,132.0,59.0,0.4233208,85.0,67.0,0.5843148,180.0,188.0,0.7185916,159.0,186.0,0.78609586,143.0,214.0,0.67354023,125.0,213.0,0.68266547,155.0,255.0,0.76496536,142.0,254.0,0.79064506
guy3_chair101_flipped.jpg,173.0,113.0,0.52933955,174.0,108.0,0.5507206,167.0,108.0,0.73704284,169.0,108.0,0.58973145,155.0,106.0,0.77336264,171.0,121.0,0.7031946,141.0,117.0,0.85734963,197.0,98.0,0.5094477,149.0,95.0,0.5705503,213.0,68.0,0.6824662,165.0,64.0,0.8198272,142.0,184.0,0.7212268,121.0,186.0,0.8921627,176.0,212.0,0.8282888,158.0,216.0,0.72373915,157.0,253.0,0.77076423,143.0,256.0,0.700781
guy3_chair102.jpg,126.0,112.0,0.69520026,132.0,107.0,0.75219387,125.0,107.0,0.84167105,145.0,105.0,0.7674097,130.0,105.0,0.7177053,158.0,118.0,0.7955337,127.0,117.0,0.6006582,146.0,85.0,0.54041326,102.0,96.0,0.58019495,132.0,60.0,0.61344004,85.0,65.0,0.5493556,181.0,184.0,0.72929573,158.0,183.0,0.8405384,142.0,214.0,0.764793,124.0,210.0,0.68793607,155.0,253.0,0.8077305,143.0,251.0,0.8822489
guy3_chair102_flipped.jpg,173.0,111.0,0.5911534,174.0,106.0,0.6989998,167.0,105.0,0.4839616,171.0,106.0,0.5544996,154.0,104.0,0.652436,171.0,120.0,0.6646925,140.0,116.0,0.60817325,195.0,97.0,0.69276804,150.0,93.0,0.45265427,215.0,64.0,0.6865362,165.0,63.0,0.8698595,142.0,181.0,0.6958339,121.0,184.0,0.87335885,176.0,209.0,0.8613142,158.0,214.0,0.7818097,157.0,250.0,0.76569515,145.0,254.0,0.7148622
guy3_chair103.jpg,126.0,111.0,0.5752162,131.0,105.0,0.5402706,124.0,105.0,0.82854354,145.0,103.0,0.53694344,131.0,103.0,0.6971984,158.0,116.0,0.7068173,128.0,117.0,0.7411566,146.0,86.0,0.53195983,104.0,96.0,0.5662236,131.0,58.0,0.38352787,85.0,63.0,0.50936276,180.0,185.0,0.75981337,160.0,183.0,0.8117502,142.0,213.0,0.8525878,125.0,209.0,0.556918,155.0,251.0,0.8190077,142.0,250.0,0.79009867
guy3_chair103_flipped.jpg,173.0,110.0,0.57743275,175.0,104.0,0.6629325,168.0,104.0,0.65452147,171.0,104.0,0.6206342,155.0,103.0,0.68864906,170.0,118.0,0.5782728,142.0,115.0,0.82937956,196.0,94.0,0.4484108,151.0,91.0,0.332786,214.0,64.0,0.6928476,168.0,60.0,0.787304,141.0,180.0,0.68671685,121.0,183.0,0.8562257,176.0,207.0,0.8590553,160.0,212.0,0.7799875,156.0,249.0,0.6708821,145.0,253.0,0.73942614
guy3_chair104.jpg,126.0,108.0,0.41816062,131.0,103.0,0.4922288,124.0,103.0,0.4597292,144.0,102.0,0.41987815,129.0,102.0,0.30546474,156.0,117.0,0.53825474,131.0,117.0,0.2956202,147.0,84.0,0.30633506,104.0,94.0,0.43715554,132.0,56.0,0.3342429,86.0,62.0,0.3770573,178.0,181.0,0.66179186,156.0,177.0,0.4572601,144.0,208.0,0.5634893,126.0,206.0,0.41848972,156.0,250.0,0.6251911,141.0,249.0,0.64204365
guy3_chair104_flipped.jpg,173.0,108.0,0.6518635,174.0,103.0,0.5510541,168.0,102.0,0.56232846,170.0,102.0,0.6805304,156.0,101.0,0.78896487,170.0,116.0,0.6057966,143.0,112.0,0.84530586,197.0,95.0,0.5631783,153.0,88.0,0.29607445,213.0,62.0,0.5345322,167.0,61.0,0.69733787,140.0,179.0,0.71408707,120.0,181.0,0.887033,176.0,206.0,0.87989473,159.0,210.0,0.8241846,157.0,248.0,0.7725303,145.0,250.0,0.7597199
guy3_chair105.jpg,126.0,106.0,0.6299697,131.0,101.0,0.7001444,125.0,101.0,0.7786855,143.0,99.0,0.5859756,131.0,98.0,0.49581757,158.0,115.0,0.6630764,131.0,115.0,0.6405722,143.0,82.0,0.51973677,104.0,93.0,0.7659703,128.0,56.0,0.63371444,86.0,60.0,0.69724387,180.0,181.0,0.7733412,161.0,178.0,0.68011016,143.0,208.0,0.78280616,125.0,205.0,0.6672144,156.0,247.0,0.76491874,142.0,245.0,0.6729848
guy3_chair105_flipped.jpg,173.0,107.0,0.59653014,174.0,101.0,0.7237109,168.0,101.0,0.7992929,169.0,100.0,0.638421,156.0,99.0,0.7941041,170.0,113.0,0.73599446,141.0,111.0,0.8462131,196.0,94.0,0.62759066,155.0,85.0,0.34146178,212.0,63.0,0.5918566,167.0,58.0,0.72051156,141.0,177.0,0.6256043,119.0,179.0,0.83884454,176.0,204.0,0.7275199,158.0,208.0,0.638649,158.0,247.0,0.6353384,144.0,248.0,0.6813804
guy3_chair106.jpg,126.0,105.0,0.665393,131.0,99.0,0.6268919,126.0,99.0,0.64850557,144.0,99.0,0.5989237,133.0,97.0,0.61620647,159.0,115.0,0.7401939,132.0,115.0,0.6782932,144.0,82.0,0.5946282,104.0,91.0,0.78522366,127.0,53.0,0.5011591,88.0,61.0,0.5385661,183.0,181.0,0.8343442,164.0,178.0,0.79918784,142.0,206.0,0.7376058,125.0,202.0,0.74994105,156.0,246.0,0.8113652,143.0,244.0,0.76344776
guy3_chair106_flipped.jpg,171.0,106.0,0.6428237,173.0,101.0,0.6699184,167.0,100.0,0.5977966,170.0,100.0,0.47413728,155.0,98.0,0.56379783,168.0,115.0,0.6254543,142.0,110.0,0.54634094,196.0,92.0,0.5106745,153.0,86.0,0.20820946,211.0,59.0,0.46125883,168.0,57.0,0.6209358,139.0,176.0,0.62705475,118.0,179.0,0.8456342,175.0,203.0,0.8156439,160.0,206.0,0.7466588,157.0,245.0,0.64407516,144.0,247.0,0.7773302
guy3_chair107.jpg,126.0,103.0,0.6186296,131.0,98.0,0.697878,126.0,97.0,0.5273831,144.0,96.0,0.5804288,133.0,95.0,0.7586143,158.0,113.0,0.7977845,131.0,113.0,0.72481996,143.0,82.0,0.66164535,105.0,91.0,0.6989763,127.0,53.0,0.64554954,88.0,60.0,0.49236676,184.0,180.0,0.8554802,165.0,178.0,0.746909,141.0,204.0,0.70906675,126.0,202.0,0.74824905,156.0,245.0,0.84199315,143.0,244.0,0.6431787
guy3_chair107_flipped.jpg,172.0,105.0,0.78183144,173.0,99.0,0.70726156,167.0,99.0,0.7433075,168.0,98.0,0.5922419,155.0,97.0,0.72808623,168.0,111.0,0.7188053,141.0,109.0,0.72974133,196.0,90.0,0.6671567,155.0,83.0,0.3459143,211.0,59.0,0.5490726,170.0,54.0,0.68469256,138.0,175.0,0.75548935,118.0,176.0,0.6845598,175.0,200.0,0.6970484,160.0,204.0,0.6751383,156.0,243.0,0.7328,144.0,246.0,0.73905075
guy3_chair108.jpg,127.0,103.0,0.6218643,131.0,97.0,0.71756047,126.0,96.0,0.7153311,143.0,95.0,0.5970174,134.0,95.0,0.68634665,158.0,112.0,0.71386087,133.0,112.0,0.4496892,143.0,81.0,0.60522175,106.0,91.0,0.674261,128.0,53.0,0.74484277,88.0,57.0,0.57464373,183.0,178.0,0.8954715,165.0,176.0,0.76268387,141.0,202.0,0.7483799,126.0,200.0,0.80178607,158.0,242.0,0.70946044,144.0,241.0,0.87811124
guy3_chair108_flipped.jpg,172.0,103.0,0.6853949,174.0,97.0,0.497366,167.0,97.0,0.7439734,170.0,96.0,0.45865324,155.0,95.0,0.5483364,168.0,110.0,0.5908624,141.0,106.0,0.5263746,196.0,88.0,0.40528214,157.0,80.0,0.16412477,211.0,57.0,0.40567744,170.0,53.0,0.5106761,139.0,174.0,0.6355853,119.0,176.0,0.82710177,175.0,199.0,0.80211693,160.0,203.0,0.6954965,156.0,242.0,0.66907316,144.0,246.0,0.77374935
guy3_chair109.jpg,127.0,101.0,0.64788187,131.0,95.0,0.6615616,126.0,95.0,0.7084058,144.0,94.0,0.5346589,134.0,93.0,0.62277085,158.0,109.0,0.7414585,132.0,110.0,0.6203949,143.0,80.0,0.63889515,106.0,90.0,0.6772013,128.0,52.0,0.73852843,87.0,56.0,0.56452405,184.0,176.0,0.916522,166.0,175.0,0.7375312,143.0,201.0,0.7515698,127.0,198.0,0.8371669,158.0,241.0,0.8410555,145.0,241.0,0.84195644
guy3_chair109_flipped.jpg,172.0,102.0,0.51912314,172.0,96.0,0.7844949,167.0,95.0,0.6926476,166.0,96.0,0.72776777,155.0,95.0,0.7475983,166.0,111.0,0.6951839,140.0,107.0,0.69073343,193.0,90.0,0.6290984,154.0,83.0,0.30221137,210.0,57.0,0.7537109,168.0,53.0,0.86714673,135.0,173.0,0.78750443,117.0,175.0,0.75093573,174.0,197.0,0.78957266,158.0,202.0,0.73480535,156.0,240.0,0.67681974,142.0,245.0,0.61701447
guy3_chair110.jpg,127.0,100.0,0.63253844,132.0,94.0,0.5120717,126.0,93.0,0.48913532,145.0,94.0,0.46567133,133.0,93.0,0.4182922,157.0,109.0,0.5190691,134.0,111.0,0.44764444,144.0,81.0,0.38465044,108.0,88.0,0.47845414,128.0,49.0,0.58100307,89.0,55.0,0.55921257,183.0,175.0,0.870674,166.0,174.0,0.6753737,143.0,200.0,0.6512717,128.0,198.0,0.6997534,157.0,239.0,0.634082,146.0,239.0,0.6588985
guy3_chair110_flipped.jpg,171.0,100.0,0.53084767,173.0,95.0,0.36786115,167.0,95.0,0.61678094,169.0,95.0,0.32737815,154.0,93.0,0.4409574,165.0,111.0,0.57754576,142.0,106.0,0.66771084,193.0,90.0,0.25099972,158.0,78.0,0.20094265,210.0,57.0,0.5132593,169.0,52.0,0.52765495,137.0,172.0,0.47541222,119.0,174.0,0.7083502,173.0,198.0,0.62357146,159.0,201.0,0.51175416,155.0,240.0,0.41175064,143.0,243.0,0.7099994
guy3_chair111.jpg,128.0,98.0,0.55914485,132.0,93.0,0.6782784,126.0,93.0,0.4062682,146.0,91.0,0.46688306,131.0,93.0,0.2241624,156.0,107.0,0.5409373,133.0,109.0,0.52643144,145.0,80.0,0.38485885,107.0,87.0,0.42419037,128.0,48.0,0.67557585,91.0,57.0,0.38615382,182.0,172.0,0.75210565,163.0,170.0,0.7164625,145.0,197.0,0.59043026,128.0,196.0,0.6572299,159.0,239.0,0.63381356,146.0,238.0,0.6841557
guy3_chair111_flipped.jpg,170.0,99.0,0.6461528,173.0,94.0,0.51986355,167.0,94.0,0.642554,168.0,93.0,0.32016313,154.0,91.0,0.4211817,165.0,109.0,0.58998334,142.0,104.0,0.53353524,192.0,88.0,0.39531213,156.0,80.0,0.15030217,209.0,57.0,0.3974993,169.0,49.0,0.6399015,136.0,171.0,0.5175859,118.0,173.0,0.74720216,173.0,197.0,0.7142142,158.0,200.0,0.50609213,154.0,238.0,0.5065091,142.0,241.0,0.67767966
guy3_chair112.jpg,128.0,97.0,0.5447954,133.0,92.0,0.7174482,127.0,92.0,0.52172613,145.0,91.0,0.481244,133.0,92.0,0.25200215,156.0,107.0,0.44733956,134.0,108.0,0.45080444,147.0,79.0,0.42078292,106.0,86.0,0.3726359,128.0,48.0,0.6756035,90.0,54.0,0.4587042,182.0,172.0,0.71160054,163.0,169.0,0.6908121,144.0,195.0,0.5345231,128.0,194.0,0.682687,160.0,239.0,0.6207485,148.0,237.0,0.62150216
guy3_chair112_flipped.jpg,170.0,99.0,0.52346814,172.0,94.0,0.4648902,165.0,93.0,0.5030796,168.0,93.0,0.27649805,154.0,91.0,0.5957085,164.0,108.0,0.56220233,140.0,105.0,0.62526965,190.0,89.0,0.29015216,155.0,77.0,0.28110644,207.0,57.0,0.5639102,169.0,49.0,0.67499256,135.0,169.0,0.45745376,117.0,171.0,0.6902956,172.0,194.0,0.77127314,157.0,198.0,0.52708983,153.0,237.0,0.5368015,141.0,240.0,0.6559503
guy3_chair113.jpg,127.0,99.0,0.67181754,131.0,92.0,0.66713876,125.0,94.0,0.6221741,146.0,91.0,0.55768263,133.0,94.0,0.3827258,159.0,104.0,0.4490059,135.0,107.0,0.58962,145.0,74.0,0.3361908,108.0,86.0,0.32662976,128.0,47.0,0.45448405,92.0,53.0,0.5479528,185.0,173.0,0.77800834,166.0,169.0,0.798351,144.0,196.0,0.4296826,129.0,194.0,0.7709241,160.0,238.0,0.78206646,147.0,236.0,0.64596105
guy3_chair113_flipped.jpg,170.0,97.0,0.5507743,172.0,92.0,0.5469482,166.0,91.0,0.5730733,167.0,91.0,0.28760484,154.0,88.0,0.57509804,162.0,108.0,0.5739362,141.0,103.0,0.66173255,191.0,85.0,0.4713875,155.0,77.0,0.16769373,207.0,54.0,0.41403297,170.0,48.0,0.57509816,134.0,168.0,0.41897032,116.0,170.0,0.68350697,171.0,193.0,0.5964402,157.0,196.0,0.48704433,152.0,236.0,0.4089248,140.0,239.0,0.571002
guy3_chair114.jpg,130.0,97.0,0.39922547,134.0,91.0,0.61058354,127.0,92.0,0.6004698,146.0,89.0,0.5069119,133.0,92.0,0.28030145,158.0,105.0,0.5318885,136.0,105.0,0.39523235,147.0,75.0,0.32549796,109.0,84.0,0.3870005,127.0,45.0,0.45199212,91.0,54.0,0.44896606,184.0,172.0,0.78574085,166.0,170.0,0.5059812,146.0,194.0,0.6872839,130.0,193.0,0.56704605,161.0,236.0,0.6393764,149.0,236.0,0.53695685
guy3_chair114_flipped.jpg,168.0,96.0,0.4720186,170.0,91.0,0.6688484,165.0,90.0,0.62324834,166.0,91.0,0.24371776,153.0,89.0,0.68739784,162.0,106.0,0.5760889,140.0,104.0,0.5773021,190.0,85.0,0.54172313,151.0,81.0,0.1581919,207.0,55.0,0.47028035,169.0,48.0,0.37648854,133.0,167.0,0.40260816,115.0,170.0,0.7326137,169.0,191.0,0.738496,158.0,194.0,0.46531177,152.0,234.0,0.39954594,140.0,238.0,0.7182852
guy3_chair115.jpg,129.0,98.0,0.5267286,133.0,92.0,0.610272,127.0,93.0,0.5011463,146.0,90.0,0.5266994,134.0,93.0,0.316879,157.0,102.0,0.54521537,136.0,106.0,0.61042607,149.0,76.0,0.3642197,113.0,86.0,0.41521206,129.0,48.0,0.5262297,93.0,55.0,0.4071187,184.0,170.0,0.8199301,168.0,167.0,0.5627368,145.0,194.0,0.69005656,131.0,193.0,0.70440686,161.0,236.0,0.7038285,146.0,235.0,0.71210486
guy3_chair115_flipped.jpg,168.0,98.0,0.3682674,170.0,92.0,0.55565864,164.0,91.0,0.53702253,166.0,92.0,0.27436036,153.0,89.0,0.6851194,163.0,107.0,0.5421619,139.0,104.0,0.5702542,189.0,85.0,0.45507208,153.0,80.0,0.3420931,206.0,56.0,0.40925798,169.0,49.0,0.43189433,133.0,166.0,0.40455607,115.0,170.0,0.7405149,170.0,191.0,0.7562339,157.0,194.0,0.41624096,151.0,234.0,0.37603253,140.0,237.0,0.6838242
guy3_chair116.jpg,130.0,96.0,0.6103511,134.0,90.0,0.7403847,128.0,91.0,0.45025095,149.0,89.0,0.67857397,137.0,91.0,0.3510137,160.0,103.0,0.6075443,137.0,105.0,0.5047295,148.0,73.0,0.49243516,112.0,85.0,0.40241623,129.0,46.0,0.50886583,95.0,54.0,0.30871585,188.0,171.0,0.8047242,170.0,169.0,0.7722038,145.0,194.0,0.62233514,131.0,192.0,0.63395727,162.0,237.0,0.77923524,149.0,234.0,0.772117
guy3_chair116_flipped.jpg,168.0,97.0,0.55125225,170.0,91.0,0.5474875,165.0,90.0,0.7113988,166.0,91.0,0.37994587,152.0,88.0,0.5551238,162.0,106.0,0.5179804,139.0,103.0,0.6205915,189.0,84.0,0.51101226,153.0,78.0,0.22407404,206.0,53.0,0.4543423,167.0,50.0,0.53180563,131.0,167.0,0.42348993,113.0,170.0,0.7048053,168.0,190.0,0.79059505,157.0,193.0,0.45228848,150.0,234.0,0.39005524,138.0,236.0,0.6712749
guy3_chair117.jpg,130.0,96.0,0.6227247,135.0,90.0,0.70184314,129.0,91.0,0.50127834,149.0,89.0,0.6807681,138.0,91.0,0.46328637,160.0,101.0,0.5994884,138.0,104.0,0.5558298,149.0,73.0,0.40598062,113.0,86.0,0.34357443,129.0,45.0,0.44793215,96.0,55.0,0.3191302,190.0,170.0,0.8665154,172.0,169.0,0.80188197,145.0,193.0,0.69313824,132.0,192.0,0.73141396,163.0,236.0,0.84315044,150.0,232.0,0.7981808
guy3_chair117_flipped.jpg,167.0,96.0,0.39508438,169.0,90.0,0.6160013,163.0,89.0,0.43591246,165.0,90.0,0.32522476,151.0,87.0,0.59934855,161.0,106.0,0.53703713,138.0,101.0,0.6334855,188.0,82.0,0.45767072,152.0,76.0,0.32416582,205.0,53.0,0.39011955,168.0,47.0,0.4865737,131.0,166.0,0.46850467,113.0,168.0,0.69418895,169.0,190.0,0.75764096,157.0,192.0,0.46820062,148.0,233.0,0.4126108,137.0,235.0,0.6059456
guy3_chair118.jpg,131.0,96.0,0.5679208,136.0,90.0,0.5747,130.0,91.0,0.49681213,150.0,90.0,0.4689231,138.0,92.0,0.3632351,160.0,101.0,0.4821394,138.0,104.0,0.49084434,149.0,72.0,0.3624286,115.0,85.0,0.2900946,129.0,45.0,0.41783363,98.0,52.0,0.4470054,189.0,169.0,0.7697805,172.0,166.0,0.7296792,147.0,192.0,0.5319313,134.0,190.0,0.7065904,165.0,235.0,0.7605579,151.0,233.0,0.73297876
guy3_chair118_flipped.jpg,166.0,95.0,0.47367114,168.0,90.0,0.48411548,162.0,89.0,0.51122147,164.0,90.0,0.2988732,150.0,87.0,0.6694578,159.0,105.0,0.59332573,137.0,100.0,0.6673169,185.0,84.0,0.37675664,152.0,76.0,0.28474906,203.0,51.0,0.31139353,167.0,47.0,0.48278603,130.0,165.0,0.4470137,111.0,168.0,0.70091736,166.0,189.0,0.6952554,155.0,192.0,0.43556684,147.0,232.0,0.4753107,135.0,235.0,0.5342735
guy3_chair119.jpg,132.0,95.0,0.5317472,137.0,90.0,0.65994763,130.0,90.0,0.38357103,150.0,89.0,0.5705833,139.0,91.0,0.31692705,162.0,101.0,0.5719628,140.0,104.0,0.48282626,151.0,74.0,0.2705123,116.0,84.0,0.390921,131.0,46.0,0.29924288,98.0,53.0,0.408457,191.0,169.0,0.8367228,174.0,166.0,0.7840595,148.0,191.0,0.49425387,134.0,190.0,0.60339105,165.0,235.0,0.75827277,152.0,231.0,0.7472364
guy3_chair119_flipped.jpg,165.0,94.0,0.5153418,167.0,89.0,0.56435513,162.0,88.0,0.70408714,164.0,90.0,0.24106829,150.0,87.0,0.42617837,158.0,104.0,0.58107597,138.0,101.0,0.58949554,186.0,82.0,0.49636793,151.0,76.0,0.31332153,201.0,53.0,0.48628846,167.0,46.0,0.4737085,128.0,164.0,0.431203,111.0,167.0,0.7446785,166.0,189.0,0.76116705,154.0,192.0,0.41704562,147.0,230.0,0.38636905,136.0,234.0,0.6953114
guy3_chair120.jpg,133.0,96.0,0.53754103,137.0,90.0,0.5819055,132.0,91.0,0.50289726,149.0,88.0,0.4902767,140.0,91.0,0.4939741,163.0,101.0,0.51457995,141.0,104.0,0.4984559,150.0,73.0,0.43576816,117.0,86.0,0.41647673,131.0,48.0,0.3451219,100.0,54.0,0.36146533,192.0,169.0,0.87687045,174.0,166.0,0.824276,147.0,191.0,0.5794933,134.0,189.0,0.7800755,165.0,234.0,0.8241296,151.0,230.0,0.63118815
guy3_chair120_flipped.jpg,164.0,96.0,0.41675532,165.0,90.0,0.5874113,160.0,90.0,0.5396393,161.0,90.0,0.32429555,150.0,88.0,0.5694054,157.0,105.0,0.58678657,136.0,101.0,0.65284204,182.0,85.0,0.43566397,151.0,77.0,0.3211503,199.0,55.0,0.39671916,167.0,46.0,0.45991975,127.0,165.0,0.5439342,110.0,168.0,0.7560113,165.0,188.0,0.7354143,153.0,191.0,0.426647,145.0,230.0,0.46928746,134.0,234.0,0.6492996
guy3_chair121.jpg,135.0,96.0,0.51852345,139.0,91.0,0.63716435,133.0,92.0,0.5207204,152.0,89.0,0.5462322,141.0,92.0,0.27695224,163.0,102.0,0.5283183,142.0,104.0,0.44264367,154.0,76.0,0.26910517,119.0,86.0,0.36124137,133.0,48.0,0.43243214,102.0,54.0,0.37103808,193.0,168.0,0.8267629,175.0,164.0,0.738338,150.0,190.0,0.5475203,136.0,188.0,0.6735123,167.0,234.0,0.6978292,154.0,230.0,0.76137865
guy3_chair121_flipped.jpg,163.0,96.0,0.4848054,165.0,90.0,0.6054932,159.0,90.0,0.5030558,161.0,91.0,0.31368467,148.0,88.0,0.5450742,156.0,106.0,0.5442995,134.0,101.0,0.5839931,180.0,86.0,0.40312967,150.0,77.0,0.39832324,198.0,55.0,0.3499439,167.0,46.0,0.5190923,127.0,164.0,0.43698457,110.0,167.0,0.7485204,164.0,188.0,0.72665566,152.0,191.0,0.46992233,145.0,230.0,0.39676616,134.0,234.0,0.65975034
guy3_chair122.jpg,136.0,96.0,0.51414835,139.0,90.0,0.73629475,135.0,91.0,0.6891247,151.0,89.0,0.6954323,144.0,91.0,0.66656375,163.0,100.0,0.71549886,144.0,103.0,0.5643468,151.0,73.0,0.4890344,121.0,85.0,0.5553696,133.0,48.0,0.55068564,102.0,54.0,0.56547475,194.0,170.0,0.86747074,179.0,168.0,0.71009004,151.0,191.0,0.65863895,137.0,190.0,0.86897415,168.0,231.0,0.6963848,155.0,230.0,0.86666346
guy3_chair122_flipped.jpg,162.0,96.0,0.55664647,164.0,91.0,0.4939441,159.0,90.0,0.7190094,160.0,91.0,0.352441,147.0,89.0,0.5383651,155.0,106.0,0.5380776,134.0,101.0,0.6523689,180.0,85.0,0.35795492,149.0,74.0,0.49169713,197.0,55.0,0.5114598,165.0,49.0,0.6470112,125.0,165.0,0.51199675,108.0,168.0,0.77384454,162.0,188.0,0.79495263,151.0,191.0,0.49488744,143.0,230.0,0.5830122,132.0,234.0,0.53080136
guy3_chair123.jpg,136.0,97.0,0.42254606,140.0,92.0,0.5467304,134.0,93.0,0.6038924,154.0,90.0,0.61741334,142.0,93.0,0.32055607,164.0,103.0,0.6638715,144.0,104.0,0.51289845,152.0,76.0,0.27083346,123.0,88.0,0.43666202,133.0,49.0,0.50459033,103.0,56.0,0.4500078,194.0,169.0,0.83534795,178.0,166.0,0.77984065,151.0,190.0,0.67043984,138.0,190.0,0.5548762,168.0,232.0,0.5645804,155.0,231.0,0.7425648
guy3_chair123_flipped.jpg,161.0,96.0,0.4179673,163.0,90.0,0.59056604,157.0,89.0,0.6847416,159.0,91.0,0.28621522,147.0,88.0,0.5549407,154.0,106.0,0.56560373,132.0,101.0,0.71777254,178.0,87.0,0.38183427,150.0,75.0,0.3754737,196.0,56.0,0.40213826,165.0,47.0,0.5580865,124.0,166.0,0.5807065,108.0,167.0,0.7168691,161.0,187.0,0.81341094,151.0,190.0,0.4254524,143.0,230.0,0.44952968,132.0,233.0,0.6255777
guy3_chair124.jpg,138.0,98.0,0.5193761,141.0,93.0,0.46303833,136.0,94.0,0.643445,153.0,90.0,0.5931549,142.0,93.0,0.23936439,165.0,102.0,0.61268926,144.0,104.0,0.43042123,152.0,74.0,0.4059202,126.0,90.0,0.4284482,135.0,50.0,0.4989743,104.0,56.0,0.46116018,196.0,168.0,0.7899824,179.0,167.0,0.6425133,152.0,190.0,0.5048619,139.0,189.0,0.7487476,170.0,233.0,0.6447376,157.0,232.0,0.82865155
guy3_chair124_flipped.jpg,162.0,98.0,0.38139102,163.0,92.0,0.5760484,158.0,91.0,0.61788166,159.0,91.0,0.36273122,148.0,89.0,0.6274004,154.0,106.0,0.4410982,132.0,101.0,0.65142626,178.0,85.0,0.5509064,149.0,77.0,0.27543634,195.0,57.0,0.47428155,164.0,50.0,0.6357157,122.0,165.0,0.5206891,106.0,168.0,0.73181736,161.0,188.0,0.7681993,149.0,191.0,0.51480234,142.0,231.0,0.50367504,130.0,235.0,0.5514288
guy3_chair125.jpg,138.0,98.0,0.48833212,141.0,92.0,0.6776586,135.0,93.0,0.5045694,154.0,90.0,0.6406003,144.0,93.0,0.26950705,165.0,102.0,0.6225401,145.0,105.0,0.63314366,151.0,75.0,0.30906186,124.0,88.0,0.37358114,135.0,50.0,0.42690247,104.0,58.0,0.53177667,195.0,169.0,0.7544146,178.0,166.0,0.75777763,153.0,190.0,0.60741186,140.0,188.0,0.7179791,169.0,232.0,0.5324533,157.0,232.0,0.78968185
guy3_chair125_flipped.jpg,160.0,97.0,0.57275057,162.0,92.0,0.59663206,157.0,91.0,0.49565732,158.0,92.0,0.39543977,146.0,89.0,0.60788965,153.0,107.0,0.5023455,132.0,102.0,0.5967,174.0,89.0,0.41969433,148.0,78.0,0.28627366,194.0,58.0,0.39934447,163.0,51.0,0.5265397,121.0,165.0,0.5549237,105.0,168.0,0.70298374,159.0,187.0,0.796206,149.0,191.0,0.4339212,140.0,231.0,0.4735893,130.0,235.0,0.6704574
guy3_chair126.jpg,138.0,97.0,0.6512274,142.0,91.0,0.6471175,137.0,92.0,0.6160971,154.0,91.0,0.5698608,144.0,93.0,0.39267835,166.0,102.0,0.55410475,146.0,105.0,0.67397773,153.0,76.0,0.32557103,125.0,87.0,0.44327947,136.0,52.0,0.34530345,104.0,57.0,0.49366575,198.0,170.0,0.70912176,180.0,168.0,0.7094201,153.0,189.0,0.73386776,140.0,188.0,0.75722337,170.0,231.0,0.6646887,158.0,230.0,0.7742921
guy3_chair126_flipped.jpg,159.0,96.0,0.5777238,161.0,91.0,0.56687963,156.0,90.0,0.59420717,158.0,91.0,0.32511955,144.0,89.0,0.46673098,152.0,106.0,0.43412894,132.0,103.0,0.6083815,176.0,86.0,0.42614153,148.0,78.0,0.381062,194.0,59.0,0.43012905,162.0,53.0,0.38133627,122.0,165.0,0.3919676,105.0,168.0,0.7341275,158.0,188.0,0.8085153,148.0,191.0,0.46451613,139.0,231.0,0.39708984,129.0,234.0,0.7469506
guy3_chair127.jpg,139.0,97.0,0.66604114,144.0,92.0,0.66254556,138.0,92.0,0.7082436,157.0,91.0,0.66896814,147.0,93.0,0.47305116,166.0,103.0,0.71707606,147.0,105.0,0.48189816,154.0,76.0,0.40704837,127.0,88.0,0.5532323,136.0,52.0,0.36714792,106.0,58.0,0.5789077,199.0,169.0,0.82024115,182.0,169.0,0.72968155,153.0,190.0,0.7678909,140.0,189.0,0.7663109,171.0,232.0,0.6945554,159.0,230.0,0.8507919
guy3_chair127_flipped.jpg,158.0,97.0,0.58205754,160.0,92.0,0.66985327,155.0,91.0,0.44832075,156.0,91.0,0.32881114,143.0,90.0,0.50608057,150.0,107.0,0.45785472,130.0,103.0,0.6541169,175.0,87.0,0.46585098,146.0,78.0,0.39408368,193.0,60.0,0.47446105,161.0,53.0,0.41399133,120.0,166.0,0.46734962,104.0,169.0,0.7218381,157.0,188.0,0.7504387,147.0,191.0,0.45321035,138.0,231.0,0.45977312,127.0,235.0,0.70344996
guy3_chair128.jpg,140.0,98.0,0.6683492,143.0,93.0,0.6043464,139.0,93.0,0.6027019,156.0,90.0,0.68213314,147.0,91.0,0.43097988,168.0,104.0,0.68060374,148.0,106.0,0.7188895,153.0,76.0,0.4067122,125.0,86.0,0.5609386,137.0,55.0,0.292146,107.0,57.0,0.5110712,200.0,172.0,0.8703731,184.0,171.0,0.76786935,155.0,191.0,0.7572324,141.0,191.0,0.6995232,172.0,231.0,0.8031427,159.0,230.0,0.894185
guy3_chair128_flipped.jpg,158.0,99.0,0.5746428,160.0,94.0,0.65657383,155.0,93.0,0.5130421,155.0,93.0,0.2984366,144.0,90.0,0.5053717,150.0,107.0,0.46649155,130.0,104.0,0.6324904,174.0,85.0,0.5238155,146.0,78.0,0.3855948,192.0,59.0,0.5168438,159.0,55.0,0.40000153,119.0,166.0,0.47744656,104.0,169.0,0.7306286,157.0,188.0,0.7513922,146.0,191.0,0.39672914,138.0,231.0,0.42804402,128.0,234.0,0.7039914
guy3_chair129.jpg,141.0,98.0,0.6375184,145.0,93.0,0.7137927,140.0,93.0,0.6987709,157.0,92.0,0.64855134,150.0,92.0,0.50931823,168.0,104.0,0.72730964,149.0,106.0,0.4919548,155.0,77.0,0.43212038,128.0,88.0,0.54233694,137.0,54.0,0.2718017,110.0,59.0,0.5997101,200.0,171.0,0.89650905,184.0,171.0,0.78826284,154.0,191.0,0.7302674,143.0,191.0,0.7280159,172.0,231.0,0.806712,160.0,230.0,0.8421226
guy3_chair129_flipped.jpg,158.0,99.0,0.5708447,160.0,94.0,0.6339524,155.0,93.0,0.5582781,156.0,94.0,0.39021412,145.0,92.0,0.5624653,150.0,108.0,0.53689075,130.0,105.0,0.6461537,175.0,88.0,0.39927006,147.0,79.0,0.39252862,191.0,62.0,0.38529968,161.0,54.0,0.5412942,119.0,167.0,0.54297394,104.0,170.0,0.7116291,157.0,189.0,0.77425563,147.0,192.0,0.46144304,138.0,232.0,0.4073032,128.0,234.0,0.718848
guy3_chair130.jpg,141.0,99.0,0.6490601,145.0,93.0,0.70411336,141.0,94.0,0.72223043,159.0,93.0,0.7199024,152.0,93.0,0.3957364,169.0,105.0,0.7927236,150.0,108.0,0.59164906,154.0,79.0,0.55103433,131.0,91.0,0.48267654,135.0,52.0,0.68360555,113.0,64.0,0.57004625,201.0,171.0,0.88215894,184.0,171.0,0.73373044,155.0,191.0,0.75266385,143.0,191.0,0.80259526,173.0,232.0,0.7792047,161.0,232.0,0.82866096
guy3_chair130_flipped.jpg,156.0,99.0,0.5377106,158.0,95.0,0.50109315,154.0,94.0,0.65496874,154.0,95.0,0.3560761,142.0,92.0,0.57749957,148.0,110.0,0.62004066,129.0,106.0,0.607195,172.0,86.0,0.41618773,146.0,82.0,0.32981688,187.0,65.0,0.35881215,163.0,53.0,0.6118993,119.0,168.0,0.4801539,103.0,171.0,0.7601813,156.0,190.0,0.8452937,146.0,193.0,0.4283136,136.0,232.0,0.44216806,127.0,235.0,0.7009487
guy3_chair131.jpg,142.0,99.0,0.6491702,146.0,94.0,0.7139343,141.0,94.0,0.75194263,158.0,93.0,0.65505314,151.0,93.0,0.5246068,170.0,105.0,0.68175197,150.0,108.0,0.4994066,155.0,78.0,0.5674247,129.0,90.0,0.5501677,136.0,54.0,0.56107247,113.0,63.0,0.38496184,201.0,173.0,0.5338781,184.0,172.0,0.7626201,154.0,192.0,0.6534089,144.0,191.0,0.77241814,173.0,232.0,0.71436846,162.0,231.0,0.75467086
guy3_chair131_flipped.jpg,157.0,101.0,0.44188014,158.0,95.0,0.657966,154.0,95.0,0.6083964,153.0,94.0,0.3031324,144.0,92.0,0.5106107,148.0,109.0,0.45606342,129.0,104.0,0.70551616,171.0,87.0,0.4803127,145.0,82.0,0.30131412,189.0,64.0,0.32574362,163.0,54.0,0.3795965,117.0,169.0,0.47108722,102.0,171.0,0.7386214,155.0,191.0,0.7963431,145.0,193.0,0.4392756,135.0,232.0,0.39141852,127.0,235.0,0.6812682
guy3_chair132.jpg,142.0,102.0,0.5606564,146.0,97.0,0.6714051,141.0,97.0,0.52558196,158.0,95.0,0.7627858,151.0,97.0,0.55404913,170.0,107.0,0.7135671,150.0,110.0,0.63059443,154.0,79.0,0.608189,129.0,92.0,0.44953522,136.0,55.0,0.54936606,111.0,63.0,0.40075907,201.0,175.0,0.62490535,185.0,174.0,0.8194414,155.0,194.0,0.6571499,144.0,193.0,0.71102536,173.0,233.0,0.72494143,162.0,232.0,0.8550761
guy3_chair132_flipped.jpg,156.0,103.0,0.5735575,157.0,98.0,0.44760624,153.0,97.0,0.49920854,153.0,97.0,0.39325765,143.0,95.0,0.6231648,147.0,111.0,0.5597527,128.0,107.0,0.69945705,171.0,88.0,0.4206722,144.0,82.0,0.3653081,188.0,64.0,0.3839008,162.0,56.0,0.3893662,116.0,171.0,0.47121915,102.0,173.0,0.7471995,156.0,191.0,0.84213054,145.0,194.0,0.35542363,136.0,234.0,0.37940857,126.0,236.0,0.6360371
guy3_chair133.jpg,142.0,104.0,0.6023655,146.0,98.0,0.5735012,141.0,99.0,0.47450608,159.0,96.0,0.74530435,151.0,98.0,0.56089425,171.0,108.0,0.6757344,151.0,110.0,0.65186256,155.0,79.0,0.574248,130.0,92.0,0.46236697,138.0,56.0,0.53704536,115.0,66.0,0.4999365,203.0,175.0,0.910322,188.0,176.0,0.7777126,156.0,195.0,0.6847007,145.0,195.0,0.71567667,174.0,234.0,0.70827514,163.0,234.0,0.88005835
guy3_chair133_flipped.jpg,156.0,103.0,0.51357305,157.0,98.0,0.68211997,153.0,97.0,0.64780796,152.0,97.0,0.37948585,143.0,95.0,0.5255876,146.0,111.0,0.5325503,128.0,108.0,0.72477174,169.0,90.0,0.4387829,144.0,85.0,0.31800762,186.0,66.0,0.3836197,160.0,57.0,0.57100034,115.0,172.0,0.49819276,101.0,174.0,0.75492215,154.0,192.0,0.5768832,144.0,194.0,0.32329464,135.0,234.0,0.4733181,126.0,237.0,0.6035899
guy3_chair134.jpg,142.0,104.0,0.5664712,146.0,98.0,0.555637,141.0,99.0,0.61071384,158.0,96.0,0.61665446,151.0,98.0,0.5747117,171.0,108.0,0.66740406,152.0,110.0,0.61297435,155.0,81.0,0.55139816,130.0,93.0,0.67740184,138.0,59.0,0.6257976,113.0,66.0,0.5493658,203.0,176.0,0.81779605,188.0,176.0,0.73969364,156.0,195.0,0.70495415,145.0,195.0,0.8646126,174.0,233.0,0.81224024,163.0,233.0,0.90024567
guy3_chair134_flipped.jpg,156.0,103.0,0.5283502,157.0,98.0,0.72657824,153.0,97.0,0.694257,151.0,96.0,0.3098539,142.0,95.0,0.39156616,147.0,111.0,0.51498044,128.0,107.0,0.7358886,170.0,93.0,0.33688912,144.0,85.0,0.39362633,186.0,66.0,0.39641994,160.0,58.0,0.4925296,114.0,172.0,0.57566714,101.0,174.0,0.7792076,155.0,193.0,0.7470267,146.0,194.0,0.4076256,134.0,235.0,0.53444445,125.0,237.0,0.5782468
guy3_chair135.jpg,142.0,106.0,0.5933049,146.0,100.0,0.6223393,142.0,101.0,0.52821183,159.0,98.0,0.7189559,152.0,99.0,0.53303003,171.0,109.0,0.6064106,152.0,111.0,0.6193514,156.0,82.0,0.44606143,131.0,96.0,0.50040454,138.0,59.0,0.56891394,115.0,67.0,0.4423972,203.0,176.0,0.73904157,188.0,176.0,0.7771728,157.0,197.0,0.6547557,145.0,196.0,0.7548886,175.0,235.0,0.77623117,163.0,235.0,0.88474196
guy3_chair135_flipped.jpg,155.0,105.0,0.51948595,156.0,100.0,0.62269247,152.0,100.0,0.69236207,151.0,98.0,0.33467764,141.0,96.0,0.43533528,146.0,112.0,0.42918947,127.0,108.0,0.7471192,167.0,96.0,0.28573918,143.0,86.0,0.36038142,185.0,68.0,0.49341565,160.0,60.0,0.40973923,114.0,172.0,0.52849066,100.0,174.0,0.76358926,154.0,194.0,0.67057645,144.0,196.0,0.4092025,134.0,235.0,0.47299948,125.0,238.0,0.6277818
guy3_chair136.jpg,143.0,105.0,0.644397,147.0,100.0,0.64483356,143.0,100.0,0.6443988,161.0,98.0,0.7007707,153.0,98.0,0.43793777,171.0,109.0,0.73564297,153.0,112.0,0.621748,154.0,82.0,0.3840282,132.0,93.0,0.39547494,138.0,57.0,0.4541284,117.0,67.0,0.56749636,203.0,175.0,0.8849109,187.0,175.0,0.7114487,156.0,196.0,0.67102265,146.0,195.0,0.65840995,175.0,236.0,0.751294,164.0,236.0,0.74666035
guy3_chair136_flipped.jpg,155.0,105.0,0.46149594,156.0,100.0,0.57113415,152.0,99.0,0.66997397,151.0,99.0,0.41814157,141.0,96.0,0.3961184,147.0,112.0,0.49461713,126.0,108.0,0.74731666,168.0,93.0,0.46298623,144.0,86.0,0.28663713,185.0,68.0,0.38717353,162.0,58.0,0.59207416,114.0,173.0,0.5964409,100.0,175.0,0.7794017,154.0,195.0,0.651537,145.0,196.0,0.45297527,133.0,237.0,0.5375149,124.0,240.0,0.62742364
guy3_chair137.jpg,144.0,105.0,0.5931001,148.0,100.0,0.7196553,143.0,100.0,0.5182643,161.0,98.0,0.7402065,153.0,100.0,0.47501716,172.0,110.0,0.7508847,153.0,112.0,0.5273694,155.0,83.0,0.43957284,131.0,93.0,0.38726562,137.0,59.0,0.4210339,116.0,64.0,0.39225295,203.0,175.0,0.759812,186.0,173.0,0.7496692,157.0,196.0,0.6667001,145.0,195.0,0.7424668,176.0,238.0,0.6617203,164.0,237.0,0.8582614
guy3_chair137_flipped.jpg,154.0,104.0,0.44626126,155.0,100.0,0.58506274,152.0,99.0,0.683638,151.0,99.0,0.43732977,141.0,96.0,0.3619613,145.0,113.0,0.56523615,126.0,108.0,0.74932885,166.0,94.0,0.42356828,144.0,87.0,0.35198164,183.0,69.0,0.40772673,159.0,59.0,0.56308067,114.0,173.0,0.4800756,100.0,175.0,0.7474104,152.0,195.0,0.7809405,143.0,197.0,0.44313502,134.0,237.0,0.4409386,124.0,240.0,0.71217793
guy3_chair138.jpg,144.0,104.0,0.60153353,148.0,99.0,0.75525784,144.0,99.0,0.61770105,160.0,97.0,0.72930944,154.0,99.0,0.5508315,172.0,109.0,0.7441084,153.0,111.0,0.5468723,155.0,82.0,0.38481888,133.0,93.0,0.35375836,138.0,58.0,0.38056514,117.0,67.0,0.41365802,203.0,174.0,0.8323859,187.0,173.0,0.7036381,158.0,198.0,0.69767976,146.0,196.0,0.754376,177.0,240.0,0.77079195,165.0,239.0,0.84959066
guy3_chair138_flipped.jpg,154.0,103.0,0.4698756,154.0,98.0,0.60213053,151.0,97.0,0.66375875,149.0,97.0,0.32643455,141.0,95.0,0.35637572,145.0,113.0,0.50872576,126.0,107.0,0.6853912,166.0,93.0,0.45258173,145.0,84.0,0.5329811,184.0,67.0,0.41274157,159.0,59.0,0.40946585,113.0,173.0,0.5438987,100.0,175.0,0.77808535,153.0,195.0,0.634225,143.0,198.0,0.43493468,134.0,238.0,0.5386919,123.0,241.0,0.684995
guy3_chair139.jpg,145.0,103.0,0.6430057,149.0,97.0,0.7525578,145.0,97.0,0.7101983,161.0,95.0,0.51227117,156.0,96.0,0.5868063,173.0,106.0,0.68495965,154.0,109.0,0.5274904,156.0,81.0,0.48802984,135.0,95.0,0.40874544,138.0,56.0,0.45292664,117.0,66.0,0.49541458,203.0,174.0,0.61799455,186.0,173.0,0.79221046,158.0,198.0,0.7788174,146.0,196.0,0.8159288,176.0,240.0,0.68061614,164.0,238.0,0.721531
guy3_chair139_flipped.jpg,152.0,98.0,0.55334574,154.0,94.0,0.53997695,150.0,93.0,0.58816385,150.0,93.0,0.42034054,139.0,90.0,0.53171766,145.0,111.0,0.41425443,125.0,107.0,0.6795242,167.0,92.0,0.48098433,143.0,83.0,0.32950208,182.0,68.0,0.44455636,159.0,58.0,0.4571773,115.0,172.0,0.44972906,100.0,175.0,0.5750795,153.0,196.0,0.77093387,142.0,199.0,0.37432808,133.0,240.0,0.46086472,122.0,243.0,0.6297066
guy3_chair140.jpg,147.0,101.0,0.5672866,150.0,95.0,0.669847,145.0,96.0,0.6028409,162.0,93.0,0.71069705,153.0,95.0,0.48765364,174.0,104.0,0.620448,153.0,107.0,0.58870876,159.0,79.0,0.59282434,134.0,91.0,0.45601043,141.0,57.0,0.49650154,118.0,63.0,0.4031432,202.0,173.0,0.74214756,185.0,172.0,0.726704,159.0,200.0,0.6795392,147.0,198.0,0.84613407,177.0,243.0,0.765139,166.0,240.0,0.7203592
guy3_chair140_flipped.jpg,151.0,99.0,0.49449596,151.0,95.0,0.53876626,148.0,94.0,0.6377548,146.0,94.0,0.4563901,138.0,92.0,0.6336453,143.0,110.0,0.6309916,124.0,105.0,0.6857126,166.0,90.0,0.5428612,144.0,82.0,0.45132437,182.0,65.0,0.3169332,157.0,57.0,0.6528026,115.0,172.0,0.5251292,100.0,174.0,0.76901126,154.0,198.0,0.62546766,142.0,201.0,0.52521586,132.0,242.0,0.48069283,122.0,245.0,0.72399
guy3_chair141.jpg,150.0,97.0,0.40444386,153.0,92.0,0.6153033,148.0,93.0,0.66857445,165.0,90.0,0.65746117,155.0,93.0,0.48963517,174.0,102.0,0.7566551,154.0,105.0,0.5157149,160.0,77.0,0.50472045,135.0,90.0,0.4965416,141.0,55.0,0.46044755,119.0,64.0,0.5154395,200.0,173.0,0.79349416,183.0,171.0,0.76255214,157.0,201.0,0.7218995,147.0,199.0,0.7266407,176.0,243.0,0.7390673,166.0,241.0,0.6374941
guy3_chair141_flipped.jpg,149.0,97.0,0.5149529,151.0,92.0,0.65288556,146.0,91.0,0.69116646,146.0,91.0,0.34757686,136.0,89.0,0.61613864,142.0,108.0,0.43208787,123.0,105.0,0.58737177,164.0,91.0,0.3742664,143.0,81.0,0.3551132,181.0,66.0,0.46422893,157.0,55.0,0.570642,117.0,172.0,0.5533028,101.0,173.0,0.7322437,154.0,200.0,0.7979208,142.0,202.0,0.4087535,134.0,243.0,0.524098,123.0,246.0,0.5797059
guy3_chair142.jpg,151.0,95.0,0.45028907,154.0,90.0,0.52029073,149.0,90.0,0.48193598,165.0,88.0,0.43255845,155.0,90.0,0.45336604,176.0,101.0,0.68346846,155.0,103.0,0.52366924,160.0,77.0,0.52202153,135.0,89.0,0.45467028,142.0,53.0,0.6281341,121.0,61.0,0.4632106,199.0,172.0,0.81659997,182.0,171.0,0.7586384,157.0,202.0,0.7281829,146.0,200.0,0.6570358,176.0,245.0,0.7853472,167.0,243.0,0.84173876
guy3_chair142_flipped.jpg,147.0,95.0,0.5157794,148.0,90.0,0.68486524,144.0,89.0,0.4841811,142.0,89.0,0.34227377,133.0,88.0,0.6246537,141.0,105.0,0.5638813,122.0,102.0,0.7263588,163.0,88.0,0.38672203,142.0,79.0,0.25983527,179.0,62.0,0.37727317,157.0,53.0,0.72116995,117.0,171.0,0.46999845,102.0,172.0,0.72910565,155.0,200.0,0.8299258,143.0,202.0,0.34201685,133.0,243.0,0.60975415,123.0,246.0,0.6948045
guy3_chair143.jpg,154.0,89.0,0.51451385,159.0,85.0,0.47398823,153.0,85.0,0.50013465,170.0,86.0,0.5739559,158.0,88.0,0.5706004,177.0,99.0,0.70901513,155.0,101.0,0.65847784,160.0,76.0,0.47233105,137.0,88.0,0.5464311,143.0,53.0,0.44368783,121.0,62.0,0.45264378,198.0,171.0,0.8407449,181.0,171.0,0.7767803,156.0,204.0,0.7144611,145.0,201.0,0.8432721,176.0,245.0,0.7355268,167.0,244.0,0.79790235
guy3_chair143_flipped.jpg,146.0,92.0,0.36403605,146.0,87.0,0.53269637,143.0,86.0,0.5049491,141.0,86.0,0.36942443,133.0,84.0,0.59574157,140.0,102.0,0.5283652,121.0,99.0,0.69159544,162.0,86.0,0.4101281,144.0,74.0,0.46628177,178.0,60.0,0.4968094,156.0,51.0,0.71623343,118.0,170.0,0.50993645,103.0,171.0,0.7765103,156.0,201.0,0.798691,145.0,204.0,0.58200866,132.0,245.0,0.5676259,122.0,248.0,0.7875287
guy3_chair144.jpg,154.0,86.0,0.49296293,158.0,81.0,0.4837536,153.0,80.0,0.5812424,172.0,83.0,0.6931242,161.0,83.0,0.5141403,179.0,97.0,0.7272483,158.0,99.0,0.6039144,160.0,74.0,0.46487004,140.0,84.0,0.49172127,145.0,51.0,0.52444685,124.0,57.0,0.35590586,196.0,172.0,0.8633237,179.0,171.0,0.81376433,154.0,205.0,0.7773687,145.0,202.0,0.846372,175.0,246.0,0.65949976,168.0,245.0,0.64557207
guy3_chair144_flipped.jpg,145.0,92.0,0.48144993,146.0,87.0,0.42920318,143.0,87.0,0.45284763,141.0,87.0,0.34491324,133.0,86.0,0.6550179,138.0,103.0,0.33483836,121.0,100.0,0.5476787,160.0,84.0,0.49557722,141.0,75.0,0.20371552,176.0,58.0,0.36810854,154.0,50.0,0.663307,119.0,169.0,0.6151933,105.0,170.0,0.71974885,154.0,202.0,0.74371827,145.0,205.0,0.5009196,131.0,245.0,0.4773614,123.0,248.0,0.7563971
guy3_chair145.jpg,154.0,86.0,0.3929973,159.0,81.0,0.41282287,155.0,80.0,0.5831939,173.0,82.0,0.5867574,166.0,81.0,0.6549307,180.0,97.0,0.7682117,160.0,100.0,0.7250741,160.0,73.0,0.42803878,143.0,84.0,0.52364725,147.0,49.0,0.7220882,127.0,59.0,0.31407616,194.0,171.0,0.8883848,177.0,170.0,0.85935915,154.0,207.0,0.7982081,145.0,203.0,0.63482404,176.0,248.0,0.8253732,168.0,245.0,0.8568963
guy3_chair145_flipped.jpg,143.0,87.0,0.5110976,144.0,83.0,0.42567778,140.0,83.0,0.44321758,138.0,83.0,0.3386971,130.0,83.0,0.59450424,137.0,101.0,0.5937285,119.0,98.0,0.6767293,161.0,80.0,0.4535698,137.0,73.0,0.2796483,173.0,56.0,0.3923225,152.0,48.0,0.71115375,120.0,168.0,0.61350214,107.0,169.0,0.7048482,155.0,204.0,0.7475616,145.0,207.0,0.65502167,131.0,246.0,0.5737671,123.0,249.0,0.7389952
guy3_chair146.jpg,155.0,83.0,0.50928164,160.0,78.0,0.4174969,155.0,78.0,0.5213897,174.0,80.0,0.7076192,166.0,80.0,0.54308164,180.0,95.0,0.73145455,161.0,99.0,0.6737372,161.0,72.0,0.36713284,141.0,81.0,0.66925293,149.0,47.0,0.6664839,128.0,59.0,0.25650066,192.0,170.0,0.82790786,176.0,170.0,0.7256275,153.0,207.0,0.7059723,144.0,204.0,0.91659355,176.0,249.0,0.67591405,167.0,246.0,0.717715
guy3_chair146_flipped.jpg,141.0,85.0,0.5485505,141.0,81.0,0.49167234,138.0,80.0,0.5591291,136.0,81.0,0.26567844,127.0,81.0,0.6038332,135.0,100.0,0.57612824,118.0,97.0,0.6875398,157.0,79.0,0.42101848,137.0,70.0,0.36353037,174.0,51.0,0.45596308,152.0,45.0,0.74281055,122.0,166.0,0.46139768,108.0,167.0,0.6708931,156.0,205.0,0.65078855,146.0,207.0,0.5866499,132.0,248.0,0.48260337,124.0,250.0,0.5562445
guy3_chair147.jpg,158.0,81.0,0.4519038,162.0,76.0,0.5067023,156.0,76.0,0.5716878,176.0,78.0,0.47933516,163.0,78.0,0.32010555,179.0,94.0,0.64886683,162.0,95.0,0.3380058,163.0,69.0,0.12599938,144.0,81.0,0.3359333,151.0,42.0,0.6173401,129.0,54.0,0.27581,187.0,167.0,0.7504276,174.0,167.0,0.75519943,157.0,207.0,0.5828423,144.0,206.0,0.72481835,176.0,250.0,0.7191936,166.0,247.0,0.28635836
guy3_chair147_flipped.jpg,140.0,82.0,0.42388606,140.0,77.0,0.57129574,138.0,76.0,0.60209304,136.0,77.0,0.36778268,127.0,76.0,0.5918078,136.0,97.0,0.46180958,119.0,91.0,0.62259185,156.0,76.0,0.3772458,135.0,69.0,0.36793566,173.0,46.0,0.4004955,150.0,40.0,0.6848016,127.0,166.0,0.45430866,111.0,167.0,0.40805712,155.0,206.0,0.6305982,144.0,208.0,0.4649814,131.0,248.0,0.41610804,124.0,250.0,0.6152941
guy3_chair148.jpg,157.0,81.0,0.43004325,162.0,76.0,0.5494596,156.0,76.0,0.51806724,175.0,78.0,0.48468113,163.0,78.0,0.33056283,180.0,93.0,0.59666216,162.0,96.0,0.42426336,164.0,64.0,0.22296685,142.0,76.0,0.4224317,152.0,39.0,0.80871344,128.0,47.0,0.39897028,187.0,164.0,0.52265346,172.0,166.0,0.6383748,157.0,209.0,0.5777707,144.0,207.0,0.6318398,177.0,251.0,0.683297,166.0,247.0,0.45363072
guy3_chair148_flipped.jpg,142.0,83.0,0.40440208,141.0,79.0,0.50197303,139.0,78.0,0.6542641,135.0,80.0,0.22725971,129.0,77.0,0.5928978,134.0,97.0,0.46757972,118.0,92.0,0.60989046,154.0,76.0,0.24799621,134.0,66.0,0.5352515,168.0,45.0,0.36370474,146.0,40.0,0.6362709,127.0,166.0,0.41868818,111.0,168.0,0.58917415,155.0,207.0,0.71921635,144.0,209.0,0.51310253,131.0,249.0,0.45130667,123.0,251.0,0.62124324
guy3_chair149.jpg,157.0,78.0,0.50315547,161.0,74.0,0.5423142,156.0,74.0,0.44721448,174.0,75.0,0.5739799,162.0,75.0,0.27721372,180.0,92.0,0.64180493,162.0,93.0,0.44004926,166.0,63.0,0.39175305,143.0,72.0,0.30114564,155.0,36.0,0.6661188,129.0,45.0,0.3807763,186.0,164.0,0.7883278,171.0,165.0,0.73522747,156.0,210.0,0.55257905,144.0,208.0,0.6368121,175.0,252.0,0.6393032,166.0,250.0,0.46506447
guy3_chair149_flipped.jpg,140.0,78.0,0.51213855,140.0,75.0,0.4059843,136.0,74.0,0.5358571,134.0,75.0,0.2669768,128.0,74.0,0.4351631,135.0,94.0,0.55851007,118.0,90.0,0.63005483,155.0,72.0,0.36959517,133.0,64.0,0.44921008,168.0,41.0,0.55602574,145.0,37.0,0.60959524,129.0,166.0,0.6169385,113.0,167.0,0.6901022,155.0,208.0,0.72013676,144.0,209.0,0.4745494,132.0,251.0,0.50225276,123.0,253.0,0.5388577
guy3_chair150.jpg,158.0,77.0,0.57125986,162.0,73.0,0.5312527,157.0,72.0,0.5153683,174.0,75.0,0.53585017,164.0,75.0,0.29146814,180.0,91.0,0.68860006,162.0,92.0,0.43867174,168.0,63.0,0.2013743,143.0,71.0,0.5033528,156.0,35.0,0.5851248,130.0,40.0,0.5667282,184.0,165.0,0.822454,170.0,166.0,0.78589696,155.0,210.0,0.6289146,143.0,209.0,0.62159765,175.0,253.0,0.7642367,165.0,250.0,0.6117295
guy3_chair150_flipped.jpg,140.0,77.0,0.40642247,140.0,73.0,0.43437687,137.0,72.0,0.5464606,134.0,72.0,0.34282255,126.0,72.0,0.5171783,135.0,91.0,0.46723488,118.0,89.0,0.6909604,154.0,72.0,0.3579999,132.0,62.0,0.3251489,165.0,41.0,0.6556715,141.0,35.0,0.53324264,130.0,166.0,0.6205665,115.0,167.0,0.70968795,155.0,208.0,0.73156404,144.0,209.0,0.46730724,132.0,252.0,0.49380222,123.0,254.0,0.52282083
guy3_chair151.jpg,157.0,79.0,0.46628627,160.0,75.0,0.48551068,156.0,75.0,0.5757556,172.0,76.0,0.40159476,164.0,76.0,0.33232778,180.0,91.0,0.6937942,162.0,92.0,0.4894087,168.0,60.0,0.48492715,145.0,69.0,0.40519896,159.0,32.0,0.479196,134.0,38.0,0.48380888,183.0,164.0,0.8043772,169.0,165.0,0.74397814,156.0,210.0,0.51978624,144.0,210.0,0.8123142,174.0,253.0,0.6517383,165.0,250.0,0.64386016
guy3_chair151_flipped.jpg,140.0,81.0,0.39731517,140.0,76.0,0.52407753,137.0,76.0,0.4728981,135.0,75.0,0.25833887,127.0,74.0,0.41299063,133.0,91.0,0.46740758,118.0,89.0,0.6571925,153.0,70.0,0.23681833,131.0,59.0,0.2849527,164.0,39.0,0.6409743,139.0,30.0,0.48200428,132.0,165.0,0.5652505,116.0,166.0,0.60644686,154.0,208.0,0.7474264,144.0,210.0,0.36686447,131.0,253.0,0.4496385,123.0,255.0,0.56081736
guy3_chair152.jpg,156.0,79.0,0.5257944,160.0,75.0,0.5244304,156.0,74.0,0.53479517,172.0,75.0,0.4691191,164.0,75.0,0.32130846,181.0,90.0,0.6636068,163.0,91.0,0.5453261,170.0,59.0,0.5263108,146.0,68.0,0.46884835,160.0,30.0,0.55326796,136.0,38.0,0.6466234,182.0,164.0,0.7842075,168.0,165.0,0.7520162,156.0,211.0,0.5577368,143.0,211.0,0.81224865,175.0,254.0,0.7163488,164.0,253.0,0.45136315
guy3_chair152_flipped.jpg,140.0,82.0,0.44957215,140.0,78.0,0.5108254,137.0,77.0,0.5366261,134.0,77.0,0.33125255,127.0,76.0,0.533098,132.0,92.0,0.49644297,118.0,90.0,0.63778996,152.0,68.0,0.4185483,130.0,58.0,0.32930866,162.0,40.0,0.5857382,137.0,29.0,0.5189391,132.0,164.0,0.57640445,117.0,165.0,0.5960214,154.0,209.0,0.7589474,143.0,211.0,0.46580756,132.0,253.0,0.45860308,123.0,256.0,0.61647046
guy3_chair153.jpg,157.0,75.0,0.45715758,161.0,71.0,0.56977576,157.0,71.0,0.59262383,173.0,74.0,0.41756696,164.0,74.0,0.2634484,181.0,90.0,0.51885706,162.0,91.0,0.5534556,171.0,57.0,0.5169059,148.0,69.0,0.36259273,163.0,28.0,0.28721157,139.0,36.0,0.45232826,181.0,162.0,0.6623663,167.0,163.0,0.7387526,156.0,212.0,0.5732838,143.0,212.0,0.6886741,175.0,255.0,0.6580445,165.0,255.0,0.6809568
guy3_chair153_flipped.jpg,140.0,79.0,0.4250238,139.0,74.0,0.46081617,136.0,74.0,0.5396559,134.0,75.0,0.22051644,126.0,75.0,0.44051138,133.0,92.0,0.43675184,118.0,89.0,0.66773224,150.0,68.0,0.321918,128.0,58.0,0.40010837,160.0,36.0,0.5575911,136.0,26.0,0.40213874,134.0,163.0,0.583197,117.0,165.0,0.61293316,154.0,210.0,0.652826,143.0,211.0,0.51076305,131.0,255.0,0.44789025,123.0,257.0,0.56513214
