guy3_dog025.jpg,191.0,171.0,0.4016289,197.0,171.0,0.59260297,190.0,172.0,0.38609746,201.0,157.0,0.42991847,184.0,160.0,0.5503917,202.0,134.0,0.48189867,160.0,142.0,0.5422387,201.0,168.0,0.59787786,147.0,183.0,0.80849594,207.0,203.0,0.46204406,158.0,219.0,0.6946968,148.0,87.0,0.65550154,123.0,93.0,0.7194161,131.0,141.0,0.3832171,111.0,143.0,0.56261086,109.0,144.0,0.28260756,89.0,148.0,0.44045272
guy3_dog025_flipped.jpg,107.0,166.0,0.39998052,108.0,168.0,0.56471205,102.0,168.0,0.6394999,116.0,157.0,0.6249964,98.0,157.0,0.49313,138.0,144.0,0.76117873,97.0,133.0,0.5363759,153.0,184.0,0.9125477,95.0,169.0,0.72317827,141.0,217.0,0.85824543,91.0,202.0,0.8386042,176.0,88.0,0.8516886,153.0,85.0,0.6633933,185.0,137.0,0.48407188,167.0,134.0,0.6034819,205.0,151.0,0.4522485,189.0,147.0,0.5673028
guy3_dog026.jpg,184.0,171.0,0.48496282,191.0,170.0,0.5803927,184.0,171.0,0.5657717,195.0,159.0,0.48424596,179.0,160.0,0.61508226,200.0,136.0,0.73827344,156.0,143.0,0.7327621,199.0,168.0,0.6129238,144.0,182.0,0.7086277,206.0,203.0,0.40648672,157.0,218.0,0.78775966,145.0,81.0,0.7701472,121.0,87.0,0.66695124,130.0,137.0,0.47960034,107.0,140.0,0.48629406,109.0,143.0,0.25917593,88.0,147.0,0.57847273
guy3_dog026_flipped.jpg,110.0,165.0,0.45805037,111.0,168.0,0.4313118,104.0,168.0,0.53949904,119.0,156.0,0.5535058,99.0,156.0,0.6648767,141.0,145.0,0.6267425,100.0,134.0,0.6582572,155.0,185.0,0.88583,97.0,168.0,0.6776731,142.0,217.0,0.8929785,91.0,202.0,0.7795746,174.0,85.0,0.7937738,152.0,80.0,0.6620405,187.0,132.0,0.7181486,171.0,133.0,0.5963192,209.0,152.0,0.8485366,186.0,149.0,0.6112387
guy3_dog027.jpg,182.0,169.0,0.44294357,187.0,169.0,0.56834435,181.0,170.0,0.56793404,191.0,159.0,0.45066085,176.0,160.0,0.5320773,197.0,137.0,0.729233,152.0,142.0,0.57281554,198.0,168.0,0.715392,142.0,184.0,0.7735303,205.0,203.0,0.47311732,155.0,219.0,0.5375441,147.0,78.0,0.77513105,121.0,83.0,0.64501154,128.0,131.0,0.4502533,106.0,135.0,0.48071408,112.0,143.0,0.25682274,92.0,147.0,0.7434516
guy3_dog027_flipped.jpg,114.0,167.0,0.45830742,115.0,169.0,0.57132375,108.0,169.0,0.4891084,122.0,156.0,0.57262206,102.0,157.0,0.54296184,143.0,143.0,0.65281737,103.0,133.0,0.6932467,156.0,185.0,0.8522625,98.0,169.0,0.7379659,143.0,218.0,0.742062,92.0,202.0,0.6426997,173.0,82.0,0.7081815,152.0,75.0,0.6975391,186.0,129.0,0.7049817,171.0,129.0,0.5672762,208.0,150.0,0.7833077,188.0,147.0,0.5906228
guy3_dog028.jpg,180.0,168.0,0.46276784,185.0,168.0,0.43047136,179.0,169.0,0.44289374,189.0,158.0,0.60307693,172.0,159.0,0.49235013,193.0,137.0,0.71917355,149.0,141.0,0.66613555,197.0,167.0,0.6663909,140.0,184.0,0.65567875,204.0,203.0,0.49837637,154.0,219.0,0.64712465,145.0,76.0,0.65605676,120.0,80.0,0.7136309,129.0,128.0,0.57652307,105.0,131.0,0.6260835,113.0,141.0,0.16428956,92.0,146.0,0.7071893
guy3_dog028_flipped.jpg,118.0,167.0,0.47176313,120.0,169.0,0.588665,113.0,169.0,0.49049854,128.0,158.0,0.5850388,107.0,158.0,0.4789453,146.0,143.0,0.8421881,104.0,135.0,0.7315308,158.0,184.0,0.8270559,99.0,172.0,0.63885814,145.0,217.0,0.8437909,94.0,203.0,0.7948632,174.0,76.0,0.70210457,155.0,71.0,0.80860746,190.0,126.0,0.66092014,170.0,127.0,0.5353691,206.0,148.0,0.6043756,187.0,147.0,0.5953184
guy3_dog029.jpg,178.0,165.0,0.40043825,184.0,165.0,0.46560857,177.0,167.0,0.41001657,188.0,157.0,0.5642154,169.0,159.0,0.5285146,191.0,137.0,0.75387466,148.0,141.0,0.65626574,197.0,169.0,0.58816373,139.0,184.0,0.6980938,204.0,203.0,0.5541967,153.0,218.0,0.795269,144.0,75.0,0.68025684,122.0,79.0,0.5383005,123.0,126.0,0.34794638,106.0,127.0,0.5882602,113.0,140.0,0.12016805,94.0,145.0,0.5492729
guy3_dog029_flipped.jpg,119.0,167.0,0.35514376,122.0,170.0,0.6113084,115.0,169.0,0.6281331,132.0,159.0,0.6613176,110.0,157.0,0.7009659,151.0,144.0,0.66123974,108.0,134.0,0.71795666,160.0,185.0,0.83915085,103.0,172.0,0.42864743,146.0,217.0,0.83155656,95.0,203.0,0.8398314,177.0,74.0,0.8410125,156.0,67.0,0.87541294,189.0,121.0,0.72381485,174.0,121.0,0.53964037,206.0,147.0,0.6522658,186.0,144.0,0.7520356
guy3_dog030.jpg,178.0,168.0,0.31027308,183.0,167.0,0.40074116,176.0,170.0,0.48927125,185.0,159.0,0.43929186,166.0,161.0,0.5477855,187.0,137.0,0.6854398,145.0,142.0,0.5252197,196.0,172.0,0.50165045,137.0,184.0,0.65731233,204.0,203.0,0.5475799,152.0,219.0,0.7178193,143.0,73.0,0.73418,121.0,78.0,0.6594995,121.0,122.0,0.35200882,106.0,123.0,0.4733912,107.0,141.0,0.2971049,94.0,146.0,0.512482
guy3_dog030_flipped.jpg,124.0,165.0,0.4492576,126.0,168.0,0.5536398,118.0,167.0,0.49272704,136.0,158.0,0.6994741,113.0,157.0,0.67714477,154.0,144.0,0.6289344,110.0,134.0,0.7362137,162.0,184.0,0.83681506,104.0,173.0,0.536596,148.0,217.0,0.7894846,95.0,203.0,0.873874,177.0,73.0,0.8771312,155.0,69.0,0.86309195,192.0,118.0,0.7305028,174.0,119.0,0.61656964,204.0,145.0,0.7407249,185.0,142.0,0.70446366
guy3_dog031.jpg,173.0,165.0,0.30904886,178.0,165.0,0.47040915,171.0,167.0,0.3860073,181.0,157.0,0.47678512,163.0,160.0,0.34771222,183.0,137.0,0.6480635,142.0,141.0,0.60588956,194.0,174.0,0.57150745,134.0,184.0,0.52592945,203.0,203.0,0.52314717,149.0,218.0,0.687819,140.0,71.0,0.71006346,120.0,73.0,0.4825605,120.0,120.0,0.2358593,105.0,121.0,0.54197025,105.0,142.0,0.24167517,94.0,144.0,0.3793866
guy3_dog031_flipped.jpg,125.0,164.0,0.3775206,127.0,167.0,0.48989126,120.0,167.0,0.5267919,136.0,159.0,0.67234933,116.0,158.0,0.48785117,156.0,144.0,0.6436307,113.0,135.0,0.7155976,164.0,184.0,0.733902,105.0,172.0,0.60909384,149.0,217.0,0.6837253,95.0,203.0,0.84448546,181.0,70.0,0.7814604,157.0,66.0,0.85775244,193.0,116.0,0.67739373,176.0,117.0,0.7644903,203.0,145.0,0.57948923,187.0,142.0,0.6600151
guy3_dog032.jpg,168.0,165.0,0.37561515,174.0,165.0,0.5376692,167.0,167.0,0.45905602,177.0,158.0,0.524513,159.0,159.0,0.4400382,183.0,140.0,0.50839853,139.0,144.0,0.6061467,193.0,174.0,0.7150277,133.0,183.0,0.7676108,203.0,203.0,0.5615862,148.0,217.0,0.7721337,138.0,67.0,0.7606636,118.0,72.0,0.6498213,132.0,121.0,0.22704194,104.0,121.0,0.65078485,110.0,143.0,0.17373075,95.0,146.0,0.5778148
guy3_dog032_flipped.jpg,128.0,163.0,0.4722996,131.0,167.0,0.422358,123.0,166.0,0.54466236,141.0,158.0,0.65956724,120.0,157.0,0.7321079,159.0,145.0,0.62414426,118.0,136.0,0.6867713,166.0,183.0,0.79846114,105.0,173.0,0.8278206,151.0,215.0,0.7086082,96.0,202.0,0.8176299,183.0,67.0,0.8142903,159.0,63.0,0.8547352,193.0,114.0,0.73039687,173.0,116.0,0.6694051,202.0,145.0,0.6574494,183.0,142.0,0.6881745
guy3_dog033.jpg,166.0,163.0,0.34504673,170.0,164.0,0.4141353,163.0,166.0,0.48831025,173.0,157.0,0.51064706,155.0,158.0,0.46718735,179.0,139.0,0.68425524,138.0,141.0,0.6892288,192.0,174.0,0.6405873,131.0,182.0,0.7773291,200.0,203.0,0.62441695,145.0,216.0,0.54205406,137.0,68.0,0.68406695,117.0,71.0,0.5732703,132.0,120.0,0.22410299,104.0,120.0,0.6420132,109.0,144.0,0.20632444,96.0,146.0,0.60033095
guy3_dog033_flipped.jpg,130.0,161.0,0.38881025,132.0,166.0,0.5978356,125.0,165.0,0.6409055,143.0,159.0,0.65184975,122.0,158.0,0.54105276,160.0,144.0,0.5375223,120.0,136.0,0.63775784,167.0,182.0,0.67034996,107.0,172.0,0.74189657,153.0,214.0,0.6064418,98.0,202.0,0.7238447,185.0,68.0,0.886599,162.0,66.0,0.8531351,194.0,112.0,0.790426,172.0,115.0,0.5106449,197.0,145.0,0.37275344,183.0,143.0,0.67749023
guy3_dog034.jpg,160.0,166.0,0.3229086,165.0,167.0,0.52752995,158.0,168.0,0.55967146,168.0,159.0,0.5035566,150.0,160.0,0.5354723,174.0,139.0,0.67797923,134.0,142.0,0.5642228,189.0,174.0,0.7943049,131.0,183.0,0.6459011,198.0,202.0,0.49551073,144.0,214.0,0.7096956,136.0,69.0,0.6226041,116.0,72.0,0.6246347,131.0,121.0,0.24284674,104.0,119.0,0.64404005,110.0,144.0,0.22472438,96.0,147.0,0.5184138
guy3_dog034_flipped.jpg,135.0,161.0,0.43295524,138.0,166.0,0.4658418,130.0,165.0,0.61580884,149.0,159.0,0.69146943,127.0,158.0,0.57833874,166.0,147.0,0.7399755,124.0,136.0,0.6575219,168.0,184.0,0.77231514,109.0,172.0,0.8715182,155.0,212.0,0.82654285,100.0,202.0,0.8208758,186.0,66.0,0.89593935,164.0,63.0,0.79270357,196.0,110.0,0.69094574,175.0,113.0,0.51366794,202.0,145.0,0.57103825,177.0,147.0,0.2916199
guy3_dog035_flipped.jpg,138.0,161.0,0.36072442,142.0,167.0,0.48896322,133.0,165.0,0.5461688,151.0,159.0,0.6762084,130.0,158.0,0.51137877,167.0,144.0,0.55881596,125.0,135.0,0.69130135,168.0,181.0,0.87398773,112.0,171.0,0.79280317,157.0,212.0,0.7844234,103.0,200.0,0.65459585,186.0,64.0,0.88981885,163.0,62.0,0.8298499,195.0,110.0,0.697682,169.0,111.0,0.536853,201.0,145.0,0.5048711,176.0,144.0,0.3329902
guy3_dog036.jpg,154.0,162.0,0.32496473,159.0,164.0,0.51766026,152.0,165.0,0.55368245,163.0,155.0,0.5286228,144.0,158.0,0.48194462,169.0,135.0,0.66215,128.0,139.0,0.537144,184.0,170.0,0.7340638,127.0,180.0,0.7901076,194.0,202.0,0.52330655,139.0,212.0,0.6906017,134.0,66.0,0.6293994,114.0,71.0,0.5855912,130.0,118.0,0.25154808,102.0,119.0,0.691495,123.0,142.0,0.12461423,97.0,147.0,0.45544243
guy3_dog036_flipped.jpg,143.0,160.0,0.34174976,146.0,165.0,0.649037,138.0,164.0,0.5816725,156.0,157.0,0.65068495,134.0,157.0,0.67339826,171.0,144.0,0.7239032,129.0,133.0,0.6822667,170.0,180.0,0.88834244,112.0,170.0,0.8235875,159.0,211.0,0.6991701,104.0,200.0,0.6306649,187.0,63.0,0.88410264,164.0,60.0,0.84422433,196.0,111.0,0.66540265,171.0,110.0,0.49459395,201.0,143.0,0.65197814,177.0,144.0,0.30250758
guy3_dog037.jpg,153.0,161.0,0.44559714,159.0,162.0,0.39527205,151.0,164.0,0.45870167,163.0,155.0,0.47939235,143.0,157.0,0.58819044,168.0,135.0,0.56279874,126.0,141.0,0.6030371,181.0,169.0,0.7820177,126.0,179.0,0.6996163,192.0,199.0,0.5261558,137.0,210.0,0.6601774,135.0,68.0,0.5840335,115.0,71.0,0.66792357,131.0,117.0,0.2702987,103.0,116.0,0.6676063,125.0,140.0,0.15563388,97.0,145.0,0.5804803
guy3_dog037_flipped.jpg,144.0,160.0,0.32206407,146.0,164.0,0.61061144,139.0,163.0,0.5821543,157.0,156.0,0.5559797,135.0,156.0,0.5413743,171.0,145.0,0.67098683,130.0,133.0,0.65477556,173.0,180.0,0.6782458,114.0,169.0,0.8446109,161.0,210.0,0.70297897,107.0,200.0,0.80498457,187.0,63.0,0.7429366,165.0,62.0,0.79987746,197.0,110.0,0.5575144,173.0,107.0,0.59600484,201.0,142.0,0.6345214,178.0,142.0,0.31295845
guy3_dog038_flipped.jpg,146.0,161.0,0.49345726,149.0,166.0,0.6117868,141.0,164.0,0.58103967,159.0,157.0,0.62414086,137.0,156.0,0.6248483,174.0,146.0,0.5085257,130.0,135.0,0.6703285,174.0,178.0,0.8796494,117.0,167.0,0.7519104,164.0,207.0,0.773004,110.0,199.0,0.8580893,187.0,64.0,0.866709,165.0,62.0,0.7442157,196.0,108.0,0.6370667,171.0,108.0,0.65250456,199.0,143.0,0.50538564,179.0,139.0,0.32002655
guy3_dog039.jpg,148.0,160.0,0.41260785,153.0,161.0,0.5185961,145.0,163.0,0.45696998,157.0,153.0,0.5059271,138.0,156.0,0.55065286,164.0,135.0,0.6924784,122.0,139.0,0.4544922,178.0,168.0,0.7239268,123.0,175.0,0.6867761,188.0,197.0,0.42357373,133.0,207.0,0.5913501,133.0,67.0,0.5123453,111.0,69.0,0.6918414,138.0,110.0,0.29767627,110.0,117.0,0.49096736,133.0,134.0,0.13711675,99.0,143.0,0.46638146
guy3_dog039_flipped.jpg,148.0,159.0,0.41568616,151.0,163.0,0.558793,142.0,162.0,0.4740729,161.0,155.0,0.64411557,139.0,154.0,0.4266636,176.0,142.0,0.5868896,132.0,132.0,0.51160014,176.0,176.0,0.88899523,119.0,166.0,0.6730697,165.0,207.0,0.7028532,111.0,198.0,0.8849491,187.0,64.0,0.8664529,166.0,63.0,0.8182032,196.0,109.0,0.5483416,174.0,109.0,0.51727617,199.0,142.0,0.5783968,192.0,140.0,0.52449685
guy3_dog040.jpg,145.0,159.0,0.39283606,149.0,161.0,0.585155,141.0,162.0,0.41527084,154.0,152.0,0.5296332,135.0,155.0,0.47114208,163.0,133.0,0.66313636,120.0,137.0,0.3459975,176.0,166.0,0.57322115,120.0,176.0,0.6667826,186.0,195.0,0.5959635,129.0,204.0,0.7392199,133.0,67.0,0.6581298,110.0,68.0,0.7217602,142.0,110.0,0.30975416,111.0,115.0,0.58987164,138.0,127.0,0.10954176,100.0,140.0,0.44385377
guy3_dog040_flipped.jpg,150.0,157.0,0.4456235,154.0,161.0,0.5606762,145.0,161.0,0.597324,163.0,153.0,0.5561081,140.0,153.0,0.6447122,176.0,140.0,0.4824184,134.0,131.0,0.7105191,178.0,175.0,0.82605535,120.0,164.0,0.8394265,168.0,203.0,0.6959467,113.0,194.0,0.8381207,188.0,66.0,0.75786746,166.0,65.0,0.74194884,196.0,108.0,0.59106195,175.0,109.0,0.35865965,199.0,140.0,0.564839,193.0,139.0,0.48024783
guy3_dog041_flipped.jpg,154.0,157.0,0.40995863,156.0,161.0,0.52843094,148.0,160.0,0.5757982,166.0,154.0,0.6056286,142.0,152.0,0.5563861,179.0,138.0,0.6284023,134.0,131.0,0.6956178,178.0,173.0,0.81993365,122.0,162.0,0.71364,170.0,203.0,0.72641927,116.0,193.0,0.86614245,188.0,66.0,0.6867752,165.0,68.0,0.7100923,197.0,108.0,0.66193247,175.0,114.0,0.40154824,199.0,139.0,0.5524349,193.0,139.0,0.4573464
guy3_dog042_flipped.jpg,153.0,154.0,0.4214696,158.0,159.0,0.4619232,148.0,158.0,0.54953134,165.0,152.0,0.6034175,143.0,151.0,0.61909246,180.0,140.0,0.72952616,135.0,133.0,0.63859266,181.0,171.0,0.7574968,122.0,164.0,0.68752754,173.0,201.0,0.6394801,117.0,194.0,0.78783053,188.0,63.0,0.808711,166.0,63.0,0.78399277,197.0,108.0,0.41482103,178.0,111.0,0.35312143,198.0,137.0,0.49977374,195.0,136.0,0.55779827
guy3_dog043.jpg,142.0,155.0,0.42823458,147.0,157.0,0.5468132,139.0,157.0,0.47093856,152.0,150.0,0.49228364,134.0,152.0,0.56978047,161.0,133.0,0.73729014,119.0,136.0,0.53343666,172.0,165.0,0.62009335,117.0,170.0,0.6321708,181.0,193.0,0.604287,124.0,199.0,0.78350085,135.0,65.0,0.6307549,114.0,67.0,0.63558435,142.0,109.0,0.28213406,113.0,114.0,0.54386294,133.0,130.0,0.100705616,105.0,136.0,0.3522806
guy3_dog043_flipped.jpg,154.0,153.0,0.38276455,158.0,157.0,0.54474664,149.0,156.0,0.56582034,166.0,150.0,0.61713177,143.0,149.0,0.40402716,180.0,138.0,0.53599155,138.0,130.0,0.6268959,182.0,170.0,0.76357055,124.0,163.0,0.8907449,175.0,199.0,0.7724323,118.0,192.0,0.8567742,186.0,62.0,0.6945541,166.0,62.0,0.76145566,197.0,106.0,0.4190999,174.0,108.0,0.31796545,196.0,139.0,0.38950834,194.0,137.0,0.5728369
guy3_dog044.jpg,142.0,154.0,0.3756942,147.0,155.0,0.45339853,139.0,156.0,0.5410265,151.0,148.0,0.53466594,133.0,149.0,0.3941207,159.0,130.0,0.5807216,118.0,134.0,0.3731617,171.0,161.0,0.71214134,116.0,168.0,0.44336396,180.0,192.0,0.44212964,123.0,197.0,0.7141608,134.0,64.0,0.66233444,113.0,67.0,0.62410563,133.0,104.0,0.28387043,112.0,112.0,0.50114274,126.0,129.0,0.104225695,106.0,133.0,0.19327295
guy3_dog044_flipped.jpg,155.0,151.0,0.43101117,158.0,156.0,0.51357734,149.0,155.0,0.5819481,166.0,149.0,0.63380253,144.0,149.0,0.3988748,180.0,138.0,0.6411216,139.0,129.0,0.61277276,184.0,169.0,0.73917955,125.0,161.0,0.77724445,176.0,198.0,0.7629857,120.0,190.0,0.90319455,187.0,62.0,0.75513935,166.0,60.0,0.6203073,194.0,108.0,0.37828937,185.0,108.0,0.232271,196.0,137.0,0.31474048,194.0,135.0,0.50421596
guy3_dog045.jpg,144.0,153.0,0.35671276,148.0,155.0,0.41440803,140.0,155.0,0.5540058,151.0,147.0,0.5210511,133.0,149.0,0.44165075,159.0,129.0,0.7007528,117.0,132.0,0.49361888,171.0,162.0,0.712957,115.0,167.0,0.6680505,179.0,187.0,0.31099483,121.0,195.0,0.44618198,134.0,62.0,0.50018835,113.0,63.0,0.66737413,138.0,104.0,0.33940914,116.0,111.0,0.5521388,132.0,128.0,0.15038031,114.0,132.0,0.22361588
guy3_dog045_flipped.jpg,158.0,149.0,0.42781296,161.0,154.0,0.3891236,152.0,154.0,0.5297859,168.0,148.0,0.4801583,147.0,148.0,0.47219765,181.0,136.0,0.6070913,140.0,127.0,0.60219735,185.0,167.0,0.7887959,124.0,159.0,0.8508051,178.0,193.0,0.70478404,120.0,189.0,0.7009234,187.0,61.0,0.5729275,165.0,63.0,0.68806845,191.0,103.0,0.3888588,176.0,103.0,0.2559528,192.0,131.0,0.31411862,187.0,130.0,0.24940954
guy3_dog046.jpg,142.0,154.0,0.38309672,146.0,156.0,0.5142174,139.0,156.0,0.53935903,150.0,147.0,0.49996176,131.0,149.0,0.40765426,158.0,128.0,0.6409358,115.0,132.0,0.52462804,171.0,161.0,0.73861855,114.0,164.0,0.55291843,177.0,186.0,0.45564383,121.0,193.0,0.71911526,134.0,59.0,0.581298,113.0,62.0,0.5975498,142.0,109.0,0.26916936,116.0,112.0,0.5124055,134.0,128.0,0.13019444,118.0,128.0,0.2118244
guy3_dog046_flipped.jpg,159.0,148.0,0.39110035,162.0,154.0,0.41120803,153.0,153.0,0.53711826,168.0,148.0,0.4701581,148.0,147.0,0.5628557,182.0,132.0,0.536453,141.0,127.0,0.5991004,184.0,166.0,0.75002676,126.0,160.0,0.7853081,179.0,192.0,0.79863393,122.0,186.0,0.81935644,186.0,56.0,0.78614146,164.0,56.0,0.72182894,192.0,104.0,0.4222298,173.0,108.0,0.2553846,190.0,129.0,0.2689028,182.0,127.0,0.287682
guy3_dog047.jpg,140.0,151.0,0.34459305,145.0,154.0,0.3365547,138.0,154.0,0.46099982,148.0,146.0,0.41555867,131.0,147.0,0.45166913,158.0,128.0,0.7079899,116.0,132.0,0.44842994,170.0,159.0,0.72613513,115.0,164.0,0.60569906,176.0,187.0,0.5602026,120.0,193.0,0.7003081,135.0,62.0,0.4272888,115.0,64.0,0.58132756,142.0,110.0,0.3102259,119.0,114.0,0.39543957,129.0,126.0,0.16997871,119.0,128.0,0.25156963
guy3_dog047_flipped.jpg,159.0,146.0,0.4189158,161.0,151.0,0.44357383,153.0,151.0,0.52518976,167.0,145.0,0.45303178,147.0,146.0,0.49090064,182.0,130.0,0.6844095,141.0,125.0,0.61122346,185.0,162.0,0.82982314,127.0,157.0,0.8397031,179.0,192.0,0.8379586,123.0,184.0,0.86132616,187.0,57.0,0.70716715,163.0,60.0,0.5220673,189.0,107.0,0.4187689,174.0,112.0,0.225983,185.0,130.0,0.24212863,180.0,128.0,0.18318783
guy3_dog048.jpg,141.0,151.0,0.36603212,146.0,154.0,0.43809667,138.0,154.0,0.55807227,149.0,146.0,0.48111075,130.0,147.0,0.48671997,159.0,128.0,0.7250465,116.0,131.0,0.4620684,170.0,160.0,0.79805565,113.0,162.0,0.5973499,175.0,185.0,0.7228952,119.0,189.0,0.80355716,136.0,61.0,0.44935596,115.0,63.0,0.62024796,146.0,111.0,0.30547902,118.0,114.0,0.4157182,139.0,130.0,0.16920881,121.0,128.0,0.17239796
guy3_dog048_flipped.jpg,158.0,146.0,0.42551282,160.0,151.0,0.5876987,152.0,151.0,0.5236204,167.0,145.0,0.5676061,146.0,145.0,0.43896103,182.0,129.0,0.6902539,140.0,124.0,0.5836932,187.0,160.0,0.6038854,127.0,158.0,0.81427336,180.0,188.0,0.86670434,124.0,184.0,0.8341595,185.0,58.0,0.7600765,162.0,60.0,0.5671822,186.0,107.0,0.4572099,169.0,112.0,0.24355021,182.0,131.0,0.24697983,177.0,129.0,0.16014388
guy3_dog049.jpg,142.0,152.0,0.29687884,146.0,154.0,0.39854354,139.0,155.0,0.5565228,149.0,146.0,0.4656422,131.0,148.0,0.41053095,159.0,127.0,0.5421425,117.0,131.0,0.5284684,170.0,157.0,0.72656894,113.0,161.0,0.64792854,174.0,183.0,0.6786479,119.0,189.0,0.7619318,138.0,60.0,0.56903493,116.0,62.0,0.6127901,142.0,106.0,0.37182596,119.0,112.0,0.4109759,138.0,128.0,0.14751358,123.0,129.0,0.18872379
guy3_dog049_flipped.jpg,157.0,144.0,0.40824765,160.0,150.0,0.483701,151.0,149.0,0.50574356,167.0,144.0,0.41556615,146.0,143.0,0.41010046,182.0,128.0,0.69843507,141.0,121.0,0.67606175,185.0,160.0,0.7517638,128.0,156.0,0.6058232,181.0,188.0,0.80411047,125.0,184.0,0.70549804,185.0,59.0,0.5180119,164.0,59.0,0.640868,187.0,103.0,0.3945812,173.0,103.0,0.20480025,181.0,128.0,0.19217218,177.0,127.0,0.1770809
guy3_dog050_flipped.jpg,158.0,145.0,0.40568292,160.0,149.0,0.49001047,152.0,149.0,0.54041207,167.0,143.0,0.43609327,147.0,143.0,0.47398522,182.0,128.0,0.75259674,141.0,121.0,0.5015055,185.0,161.0,0.7252395,128.0,155.0,0.8012887,181.0,187.0,0.71401715,125.0,180.0,0.8139223,184.0,57.0,0.595088,161.0,58.0,0.611145,184.0,104.0,0.25554204,172.0,101.0,0.18359035,179.0,124.0,0.10478316,176.0,123.0,0.11591526
guy3_dog051_flipped.jpg,157.0,145.0,0.39976034,160.0,150.0,0.5447334,152.0,150.0,0.5258809,167.0,144.0,0.57058465,145.0,144.0,0.42183924,181.0,127.0,0.73024833,139.0,121.0,0.67026746,184.0,160.0,0.75847787,127.0,156.0,0.7348168,180.0,184.0,0.79576755,125.0,179.0,0.8624694,181.0,53.0,0.674775,160.0,53.0,0.6246092,183.0,100.0,0.2050748,167.0,104.0,0.22294459,179.0,129.0,0.17848152,172.0,127.0,0.14376539
guy3_dog052_flipped.jpg,154.0,146.0,0.3901409,157.0,151.0,0.5185466,149.0,151.0,0.53615034,164.0,144.0,0.48855105,142.0,146.0,0.4769008,177.0,127.0,0.7135579,137.0,122.0,0.5223528,183.0,161.0,0.78405225,127.0,153.0,0.7432903,181.0,184.0,0.79780203,125.0,180.0,0.84959304,178.0,53.0,0.6531572,156.0,53.0,0.6905277,181.0,99.0,0.3484917,162.0,100.0,0.26837724,179.0,127.0,0.1668194,168.0,125.0,0.13241974
guy3_dog053_flipped.jpg,153.0,145.0,0.35185534,156.0,150.0,0.5053215,148.0,150.0,0.55535907,162.0,145.0,0.43193388,142.0,145.0,0.45204517,177.0,126.0,0.4758203,138.0,122.0,0.59184,183.0,159.0,0.59255373,125.0,155.0,0.7248452,180.0,183.0,0.7636576,125.0,180.0,0.8810565,176.0,55.0,0.6744748,153.0,55.0,0.6101363,177.0,102.0,0.42335948,149.0,106.0,0.49529356,173.0,131.0,0.33916962,158.0,129.0,0.3013062
guy3_dog054.jpg,144.0,145.0,0.44747534,149.0,149.0,0.4940054,140.0,149.0,0.35280883,154.0,143.0,0.39314696,133.0,143.0,0.4595366,165.0,124.0,0.62121975,121.0,128.0,0.48813957,174.0,157.0,0.7385904,115.0,156.0,0.69283813,174.0,181.0,0.7575297,120.0,182.0,0.79834664,146.0,60.0,0.7881027,123.0,60.0,0.72980654,153.0,101.0,0.47579262,129.0,103.0,0.54078496,151.0,123.0,0.25318798,133.0,125.0,0.32426763
guy3_dog054_flipped.jpg,153.0,143.0,0.38016775,157.0,148.0,0.3051015,148.0,147.0,0.47179812,163.0,142.0,0.46998432,142.0,142.0,0.5110678,177.0,126.0,0.5373751,136.0,124.0,0.4428261,182.0,157.0,0.601092,126.0,153.0,0.62114406,180.0,182.0,0.7823477,124.0,180.0,0.87937045,174.0,54.0,0.755247,152.0,54.0,0.59964633,174.0,100.0,0.37260684,148.0,102.0,0.45070654,171.0,130.0,0.24834524,159.0,127.0,0.23486845
guy3_dog055.jpg,145.0,145.0,0.38152102,149.0,149.0,0.48704582,141.0,149.0,0.5345486,154.0,142.0,0.41610697,134.0,142.0,0.43513232,166.0,124.0,0.64947695,123.0,127.0,0.49055168,174.0,156.0,0.7931533,116.0,158.0,0.6696526,175.0,181.0,0.70632714,120.0,182.0,0.54143965,148.0,61.0,0.77837265,125.0,62.0,0.7024588,155.0,102.0,0.43527147,130.0,103.0,0.50732315,151.0,124.0,0.22026406,131.0,125.0,0.38858467
guy3_dog055_flipped.jpg,152.0,144.0,0.39451197,155.0,148.0,0.526728,147.0,148.0,0.44547254,163.0,142.0,0.4683369,141.0,142.0,0.47716656,175.0,126.0,0.55639195,134.0,124.0,0.57833064,181.0,158.0,0.49861845,124.0,155.0,0.7428105,178.0,181.0,0.7929033,124.0,180.0,0.84448713,170.0,55.0,0.5236877,148.0,54.0,0.618407,171.0,104.0,0.41142428,144.0,106.0,0.557268,174.0,136.0,0.28736684,157.0,130.0,0.2006624
guy3_dog056.jpg,147.0,145.0,0.32327116,151.0,149.0,0.5205926,143.0,148.0,0.5589337,156.0,142.0,0.513142,135.0,141.0,0.5634157,167.0,123.0,0.6475211,125.0,128.0,0.49447778,175.0,152.0,0.62010133,117.0,158.0,0.55379677,177.0,181.0,0.7469851,121.0,181.0,0.7322922,150.0,62.0,0.74687696,128.0,63.0,0.6910299,157.0,104.0,0.44856656,131.0,105.0,0.49240345,152.0,124.0,0.24089526,130.0,126.0,0.32760742
guy3_dog056_flipped.jpg,151.0,144.0,0.37842572,154.0,148.0,0.4785399,146.0,148.0,0.46909496,162.0,141.0,0.5660919,141.0,141.0,0.52749336,174.0,126.0,0.6110624,133.0,125.0,0.5870011,182.0,156.0,0.7150124,124.0,154.0,0.75243247,178.0,182.0,0.7313024,124.0,180.0,0.7776022,168.0,60.0,0.65785956,146.0,58.0,0.86121,171.0,107.0,0.47322458,141.0,107.0,0.5567594,172.0,135.0,0.27207583,149.0,131.0,0.20874068
guy3_dog057.jpg,148.0,143.0,0.35159424,151.0,147.0,0.4909052,143.0,147.0,0.5171722,157.0,141.0,0.48059285,137.0,140.0,0.55927587,169.0,124.0,0.58222324,125.0,127.0,0.4664683,177.0,156.0,0.76428163,119.0,158.0,0.6156708,178.0,180.0,0.7586873,122.0,183.0,0.72473043,153.0,63.0,0.62590075,132.0,63.0,0.74914926,161.0,104.0,0.33685148,136.0,102.0,0.47782254,155.0,124.0,0.21454942,134.0,126.0,0.37603337
guy3_dog057_flipped.jpg,149.0,143.0,0.39697963,154.0,147.0,0.47273383,145.0,146.0,0.40372482,162.0,141.0,0.5456472,139.0,140.0,0.4501391,172.0,126.0,0.6514566,130.0,127.0,0.7195041,180.0,155.0,0.6550003,121.0,156.0,0.75401586,178.0,181.0,0.7560645,122.0,181.0,0.62441254,165.0,61.0,0.71471447,143.0,61.0,0.81869113,169.0,108.0,0.44290876,140.0,106.0,0.39332202,171.0,135.0,0.26406693,147.0,132.0,0.12602562
guy3_dog058.jpg,149.0,144.0,0.36353588,154.0,149.0,0.5199445,146.0,148.0,0.503698,159.0,142.0,0.48181826,139.0,140.0,0.58590895,170.0,123.0,0.60114694,128.0,127.0,0.41465604,179.0,157.0,0.6311848,121.0,158.0,0.65874887,179.0,180.0,0.63340896,124.0,182.0,0.759464,157.0,60.0,0.83385205,133.0,61.0,0.72032475,162.0,103.0,0.39329636,137.0,105.0,0.70563036,159.0,126.0,0.25227338,138.0,127.0,0.32397467
guy3_dog058_flipped.jpg,146.0,143.0,0.4078078,151.0,147.0,0.5153142,142.0,147.0,0.49209723,159.0,140.0,0.50283235,136.0,140.0,0.5423588,169.0,125.0,0.7315788,127.0,127.0,0.5318686,179.0,156.0,0.6742132,119.0,157.0,0.69998187,176.0,181.0,0.7636341,121.0,181.0,0.8017497,162.0,59.0,0.77722347,139.0,58.0,0.85673165,165.0,104.0,0.5219523,139.0,102.0,0.4493328,164.0,135.0,0.20421454,145.0,134.0,0.17950445
guy3_dog059.jpg,151.0,140.0,0.3959191,156.0,146.0,0.4643765,148.0,146.0,0.48509258,161.0,140.0,0.51124036,141.0,139.0,0.6365997,173.0,123.0,0.47164762,132.0,127.0,0.5373657,181.0,156.0,0.76621777,123.0,156.0,0.739795,181.0,181.0,0.75408864,125.0,183.0,0.62518024,159.0,62.0,0.76167214,137.0,63.0,0.6813908,165.0,106.0,0.38277528,141.0,104.0,0.5407249,156.0,125.0,0.16677675,140.0,127.0,0.30776978
guy3_dog059_flipped.jpg,143.0,143.0,0.38169113,148.0,147.0,0.47702625,140.0,147.0,0.5113926,156.0,140.0,0.529139,133.0,140.0,0.4154716,166.0,126.0,0.67350566,125.0,127.0,0.66521657,177.0,157.0,0.667019,117.0,155.0,0.71487427,174.0,181.0,0.738276,118.0,181.0,0.7266382,159.0,60.0,0.70609486,137.0,59.0,0.8424595,161.0,104.0,0.49377564,135.0,103.0,0.58283436,160.0,134.0,0.19287167,142.0,131.0,0.24297333
guy3_dog060.jpg,152.0,144.0,0.39425054,156.0,149.0,0.5584872,148.0,149.0,0.35668695,163.0,142.0,0.4521111,142.0,141.0,0.57850105,175.0,126.0,0.56702006,132.0,127.0,0.61419356,183.0,158.0,0.6102391,125.0,158.0,0.59871,183.0,182.0,0.7709816,127.0,182.0,0.7897178,162.0,63.0,0.69532645,140.0,62.0,0.70851517,168.0,105.0,0.3686782,143.0,102.0,0.5419837,161.0,126.0,0.1942729,147.0,126.0,0.27487344
guy3_dog060_flipped.jpg,141.0,145.0,0.4443527,146.0,150.0,0.5875032,137.0,149.0,0.46431962,153.0,143.0,0.4845031,131.0,142.0,0.37150085,165.0,126.0,0.57044524,123.0,127.0,0.5902275,174.0,157.0,0.6369227,115.0,156.0,0.8133302,174.0,182.0,0.72291654,116.0,182.0,0.8026346,156.0,62.0,0.7438823,134.0,61.0,0.8570482,160.0,105.0,0.5319023,134.0,105.0,0.3776527,159.0,138.0,0.26817754,141.0,135.0,0.18560433
guy3_dog061.jpg,153.0,145.0,0.31565696,157.0,150.0,0.40797597,148.0,149.0,0.5572629,162.0,143.0,0.45909747,142.0,144.0,0.4510814,175.0,123.0,0.66800463,134.0,125.0,0.47664595,183.0,156.0,0.69396245,127.0,157.0,0.48659235,184.0,184.0,0.723938,128.0,184.0,0.783551,164.0,57.0,0.43631807,144.0,58.0,0.49700907,163.0,99.0,0.30263692,144.0,98.0,0.45308375,155.0,127.0,0.12745103,147.0,127.0,0.16768804
guy3_dog061_flipped.jpg,143.0,146.0,0.37105966,146.0,150.0,0.49675822,137.0,151.0,0.49562442,153.0,143.0,0.50372165,130.0,144.0,0.3552618,165.0,126.0,0.6262282,122.0,127.0,0.6094367,171.0,157.0,0.6937071,113.0,157.0,0.59806645,171.0,183.0,0.7989153,115.0,185.0,0.8020015,155.0,57.0,0.7361414,133.0,57.0,0.6476877,156.0,101.0,0.28231886,135.0,106.0,0.34446546,158.0,134.0,0.3037528,141.0,130.0,0.31120783
guy3_dog062.jpg,155.0,144.0,0.34946498,159.0,150.0,0.45119464,151.0,149.0,0.44093522,164.0,143.0,0.48567995,145.0,144.0,0.48485658,178.0,123.0,0.643033,137.0,123.0,0.5476209,186.0,157.0,0.63718873,127.0,156.0,0.48634395,184.0,186.0,0.78024656,128.0,184.0,0.8035203,168.0,54.0,0.4781264,147.0,56.0,0.4906976,166.0,98.0,0.23597746,147.0,98.0,0.42592645,161.0,128.0,0.1265367,151.0,125.0,0.1495001
guy3_dog062_flipped.jpg,141.0,145.0,0.3741946,144.0,149.0,0.4144522,136.0,150.0,0.5083672,150.0,143.0,0.41140634,130.0,145.0,0.4380815,162.0,127.0,0.6390953,120.0,127.0,0.6406281,170.0,157.0,0.7441963,112.0,158.0,0.75128794,170.0,183.0,0.82410836,114.0,185.0,0.5800375,151.0,58.0,0.67110646,129.0,58.0,0.52728134,153.0,104.0,0.33592045,129.0,111.0,0.3692814,153.0,133.0,0.22667995,141.0,130.0,0.19646269
guy3_dog063.jpg,159.0,150.0,0.40871486,163.0,155.0,0.47502026,155.0,155.0,0.47100052,168.0,146.0,0.4292885,148.0,149.0,0.39522704,180.0,125.0,0.6319094,139.0,126.0,0.46329096,189.0,159.0,0.7183269,130.0,158.0,0.5563548,188.0,185.0,0.5938512,130.0,185.0,0.6828003,172.0,58.0,0.5847004,150.0,59.0,0.6105499,169.0,103.0,0.29026234,150.0,102.0,0.5361239,164.0,128.0,0.14490311,154.0,128.0,0.17712961
guy3_dog063_flipped.jpg,141.0,148.0,0.36228773,143.0,151.0,0.45206904,135.0,152.0,0.41195783,149.0,146.0,0.4753914,128.0,147.0,0.5083524,160.0,126.0,0.59531105,118.0,127.0,0.67201674,167.0,158.0,0.7687394,110.0,159.0,0.8057776,169.0,186.0,0.49139413,111.0,187.0,0.6936192,148.0,59.0,0.65854275,124.0,60.0,0.53888524,151.0,107.0,0.40320224,125.0,109.0,0.47911716,151.0,134.0,0.27941418,136.0,132.0,0.23380859
guy3_dog064_flipped.jpg,135.0,147.0,0.3638996,139.0,152.0,0.44924372,130.0,153.0,0.47655132,145.0,148.0,0.43864632,124.0,148.0,0.49014646,157.0,127.0,0.69466466,114.0,127.0,0.7682777,166.0,157.0,0.72382474,107.0,160.0,0.73611903,167.0,187.0,0.7069286,109.0,188.0,0.7202939,145.0,57.0,0.7209579,124.0,58.0,0.70049524,146.0,105.0,0.4095177,125.0,108.0,0.40501407,145.0,138.0,0.22633219,133.0,136.0,0.1697192
guy3_dog065.jpg,163.0,152.0,0.36081707,167.0,156.0,0.42949545,158.0,156.0,0.5705342,173.0,147.0,0.4700431,152.0,148.0,0.4919948,186.0,128.0,0.77108085,142.0,128.0,0.5941411,193.0,162.0,0.870405,133.0,161.0,0.6290728,190.0,190.0,0.62163985,133.0,189.0,0.8551415,177.0,59.0,0.5992284,154.0,61.0,0.6147722,176.0,103.0,0.34070826,155.0,100.0,0.3321272,174.0,131.0,0.16851874,160.0,128.0,0.18035157
guy3_dog065_flipped.jpg,134.0,150.0,0.37756512,137.0,155.0,0.4703003,129.0,154.0,0.601721,144.0,148.0,0.46050578,123.0,148.0,0.4672036,154.0,129.0,0.62627554,112.0,128.0,0.61967766,164.0,158.0,0.66144705,106.0,163.0,0.7327195,166.0,188.0,0.7235032,109.0,189.0,0.7878749,143.0,57.0,0.79709786,119.0,59.0,0.6012832,143.0,107.0,0.42619404,120.0,110.0,0.42640734,144.0,137.0,0.29426852,129.0,136.0,0.19560769
guy3_dog066.jpg,164.0,153.0,0.30674323,169.0,156.0,0.54617417,160.0,156.0,0.45171374,176.0,147.0,0.4974728,154.0,149.0,0.44846445,187.0,128.0,0.62260723,145.0,128.0,0.51636994,195.0,162.0,0.8752381,136.0,161.0,0.5387157,193.0,190.0,0.7265307,135.0,190.0,0.7235043,180.0,63.0,0.52131706,158.0,65.0,0.559522,180.0,105.0,0.38403994,158.0,104.0,0.24595495,178.0,135.0,0.23452576,163.0,131.0,0.23700571
guy3_dog066_flipped.jpg,131.0,152.0,0.38245583,134.0,156.0,0.43514583,125.0,156.0,0.44851294,140.0,150.0,0.50586736,120.0,149.0,0.5459138,153.0,129.0,0.71088064,110.0,129.0,0.6256064,163.0,160.0,0.63995993,104.0,163.0,0.7270348,165.0,187.0,0.7196715,107.0,190.0,0.73798645,140.0,60.0,0.7218809,116.0,60.0,0.62274826,142.0,111.0,0.4557826,117.0,116.0,0.6963456,138.0,141.0,0.29402682,124.0,142.0,0.19895284
guy3_dog067.jpg,168.0,153.0,0.30902863,172.0,155.0,0.40287706,162.0,157.0,0.38310573,178.0,148.0,0.48039594,157.0,149.0,0.39079133,190.0,129.0,0.6638823,148.0,130.0,0.49748224,197.0,162.0,0.8058258,138.0,163.0,0.6860376,194.0,192.0,0.65491295,137.0,190.0,0.67494786,183.0,66.0,0.6196133,161.0,68.0,0.6468704,186.0,114.0,0.3795213,160.0,110.0,0.2973955,181.0,134.0,0.19817923,168.0,133.0,0.1754031
guy3_dog067_flipped.jpg,127.0,152.0,0.38358307,131.0,157.0,0.37439546,122.0,156.0,0.4224741,138.0,150.0,0.53412753,117.0,150.0,0.39567062,151.0,131.0,0.63531554,107.0,131.0,0.59239644,161.0,161.0,0.80472434,102.0,165.0,0.6471855,164.0,189.0,0.47569978,103.0,191.0,0.7312321,137.0,61.0,0.60765517,114.0,60.0,0.7517132,139.0,110.0,0.44518608,115.0,113.0,0.48564363,136.0,138.0,0.32190403,125.0,139.0,0.2135984
guy3_dog068.jpg,169.0,151.0,0.37540057,173.0,155.0,0.43384963,165.0,155.0,0.4023419,181.0,148.0,0.48543915,158.0,149.0,0.4694606,191.0,130.0,0.5124078,148.0,131.0,0.47280574,200.0,166.0,0.7970528,140.0,163.0,0.7198573,197.0,193.0,0.46213517,138.0,193.0,0.65054846,185.0,64.0,0.55906737,162.0,67.0,0.68150014,185.0,110.0,0.30539483,162.0,105.0,0.35435468,182.0,135.0,0.27716994,173.0,131.0,0.19825675
guy3_dog068_flipped.jpg,126.0,154.0,0.3398861,129.0,158.0,0.3920535,121.0,158.0,0.54539394,136.0,152.0,0.490601,114.0,151.0,0.5776396,148.0,133.0,0.6246333,105.0,134.0,0.5047264,159.0,165.0,0.7450821,99.0,166.0,0.69694793,163.0,191.0,0.51169467,101.0,194.0,0.6510031,135.0,62.0,0.73431396,111.0,62.0,0.6645613,139.0,112.0,0.46119463,112.0,114.0,0.5942446,133.0,141.0,0.26903552,119.0,140.0,0.18538077
guy3_dog069.jpg,172.0,152.0,0.30126706,174.0,156.0,0.48825675,166.0,156.0,0.37264723,182.0,149.0,0.45373192,161.0,150.0,0.4424341,194.0,133.0,0.59489214,151.0,133.0,0.58860177,201.0,167.0,0.5372741,141.0,164.0,0.587288,198.0,194.0,0.53807163,138.0,191.0,0.72083575,189.0,65.0,0.61677814,166.0,68.0,0.7269935,190.0,112.0,0.30823588,164.0,111.0,0.3702518,186.0,136.0,0.19862159,174.0,134.0,0.1938948
guy3_dog069_flipped.jpg,124.0,155.0,0.39361674,128.0,159.0,0.43534318,120.0,159.0,0.5647868,135.0,151.0,0.48075503,113.0,151.0,0.5180403,147.0,134.0,0.760893,102.0,133.0,0.5053535,158.0,169.0,0.6999412,98.0,166.0,0.6079179,161.0,192.0,0.56520116,100.0,194.0,0.7878539,133.0,63.0,0.8166139,106.0,64.0,0.59785616,131.0,106.0,0.463314,110.0,113.0,0.6296897,126.0,137.0,0.20699379,113.0,138.0,0.23293662
guy3_dog070.jpg,176.0,153.0,0.2955917,179.0,157.0,0.4468951,170.0,158.0,0.42301854,186.0,150.0,0.49790815,165.0,151.0,0.43439025,196.0,133.0,0.6755592,153.0,135.0,0.524788,203.0,165.0,0.86903983,142.0,164.0,0.71147907,198.0,197.0,0.6306515,138.0,193.0,0.67734116,191.0,63.0,0.6918093,168.0,64.0,0.6332201,195.0,117.0,0.35553068,166.0,111.0,0.44552594,190.0,135.0,0.22649139,178.0,134.0,0.19248432
guy3_dog070_flipped.jpg,120.0,155.0,0.34094894,126.0,160.0,0.502869,117.0,159.0,0.29913884,133.0,152.0,0.530475,110.0,151.0,0.6070565,146.0,135.0,0.7096996,100.0,136.0,0.5904089,155.0,168.0,0.65656877,95.0,167.0,0.60385644,160.0,192.0,0.55089986,99.0,196.0,0.7101121,130.0,65.0,0.68714607,104.0,64.0,0.54339063,131.0,110.0,0.34397402,109.0,112.0,0.65400964,126.0,137.0,0.1820761,109.0,137.0,0.216062
guy3_dog071.jpg,178.0,154.0,0.33390138,181.0,158.0,0.3566345,172.0,158.0,0.47746477,187.0,151.0,0.5084724,166.0,153.0,0.45083162,198.0,136.0,0.54777515,157.0,135.0,0.6023934,206.0,169.0,0.4883392,143.0,165.0,0.45927626,201.0,198.0,0.5219912,142.0,194.0,0.59385264,194.0,65.0,0.63538265,171.0,66.0,0.6276647,197.0,117.0,0.31396925,170.0,110.0,0.45584926,193.0,139.0,0.24827868,177.0,136.0,0.19194402
guy3_dog071_flipped.jpg,120.0,154.0,0.35394526,125.0,160.0,0.466753,116.0,159.0,0.57370853,132.0,153.0,0.51990145,109.0,152.0,0.61024994,143.0,137.0,0.6399478,97.0,137.0,0.58599806,154.0,166.0,0.66225415,94.0,171.0,0.63016385,158.0,194.0,0.6505302,97.0,198.0,0.7148706,128.0,66.0,0.74870795,103.0,66.0,0.74719095,128.0,107.0,0.40615007,106.0,110.0,0.51005566,125.0,135.0,0.18477093,106.0,137.0,0.18447697
guy3_dog072.jpg,176.0,159.0,0.33856863,181.0,164.0,0.4219327,171.0,163.0,0.5420047,189.0,156.0,0.5643694,166.0,156.0,0.58571386,200.0,137.0,0.7130425,157.0,137.0,0.6802536,208.0,171.0,0.7025412,144.0,168.0,0.6733376,202.0,199.0,0.7643486,142.0,198.0,0.7646813,196.0,64.0,0.7632257,174.0,64.0,0.752508,198.0,112.0,0.358406,173.0,109.0,0.49474135,197.0,143.0,0.26023126,179.0,140.0,0.23384063
guy3_dog072_flipped.jpg,120.0,159.0,0.36957854,124.0,164.0,0.4373705,115.0,163.0,0.55528116,131.0,155.0,0.54700446,107.0,155.0,0.45913002,144.0,139.0,0.73867935,96.0,139.0,0.54125226,153.0,167.0,0.62490326,92.0,171.0,0.7539535,157.0,197.0,0.70856035,97.0,200.0,0.7942434,123.0,64.0,0.78931683,101.0,64.0,0.7258251,125.0,107.0,0.5112027,104.0,113.0,0.52550864,123.0,138.0,0.19899665,103.0,139.0,0.24874462
guy3_dog073.jpg,176.0,160.0,0.34429026,180.0,165.0,0.39100203,172.0,164.0,0.5946251,189.0,157.0,0.5201936,166.0,157.0,0.5930301,203.0,140.0,0.64232254,158.0,140.0,0.58114743,209.0,173.0,0.81048185,146.0,170.0,0.6247246,203.0,202.0,0.6807333,143.0,198.0,0.7593103,201.0,65.0,0.6406883,177.0,65.0,0.6800835,201.0,109.0,0.47171617,173.0,109.0,0.58272207,196.0,144.0,0.2383188,176.0,140.0,0.3123996
guy3_dog073_flipped.jpg,119.0,162.0,0.34166467,123.0,165.0,0.49955103,115.0,165.0,0.5907693,129.0,157.0,0.55030215,107.0,156.0,0.5761852,140.0,139.0,0.7178057,95.0,140.0,0.52610326,152.0,168.0,0.7972649,90.0,172.0,0.8272434,156.0,199.0,0.74922764,96.0,201.0,0.8303598,121.0,64.0,0.6865791,97.0,65.0,0.6754646,125.0,112.0,0.5096224,101.0,118.0,0.5321524,122.0,142.0,0.21059327,100.0,141.0,0.25869924
guy3_dog074.jpg,178.0,162.0,0.36464676,183.0,165.0,0.54772913,175.0,165.0,0.47480065,192.0,156.0,0.5456075,168.0,157.0,0.4285868,205.0,141.0,0.6100285,160.0,140.0,0.50917125,210.0,174.0,0.6576241,146.0,171.0,0.736591,203.0,202.0,0.7528088,143.0,199.0,0.84217715,203.0,66.0,0.71320605,179.0,67.0,0.55983496,203.0,116.0,0.23775537,175.0,105.0,0.44856647,196.0,142.0,0.16054742,177.0,139.0,0.3526825
guy3_dog074_flipped.jpg,116.0,164.0,0.38573658,122.0,168.0,0.39655486,113.0,167.0,0.3650609,127.0,159.0,0.4875555,104.0,158.0,0.39085937,138.0,139.0,0.7406256,93.0,140.0,0.4404084,150.0,169.0,0.73118055,89.0,173.0,0.6615843,156.0,198.0,0.7647251,94.0,202.0,0.64107287,118.0,64.0,0.75254786,94.0,66.0,0.7577791,125.0,116.0,0.37000135,98.0,125.0,0.401171,122.0,152.0,0.2053173,106.0,158.0,0.121245794
guy3_dog075.jpg,180.0,162.0,0.38958767,185.0,166.0,0.41474476,176.0,165.0,0.52541757,195.0,156.0,0.5915404,169.0,157.0,0.5172912,207.0,140.0,0.6405367,162.0,139.0,0.45189187,212.0,174.0,0.7806537,148.0,170.0,0.6037985,204.0,203.0,0.6296738,145.0,199.0,0.7552369,208.0,67.0,0.80656797,183.0,66.0,0.7847121,208.0,115.0,0.33095306,178.0,106.0,0.5680619,200.0,144.0,0.20698819,180.0,140.0,0.38453197
guy3_dog075_flipped.jpg,117.0,163.0,0.39354366,121.0,168.0,0.37331977,111.0,167.0,0.48910636,126.0,159.0,0.43999147,102.0,159.0,0.35315537,136.0,139.0,0.6517452,92.0,141.0,0.51169884,149.0,169.0,0.63876104,87.0,175.0,0.803872,155.0,199.0,0.6047652,94.0,203.0,0.7048997,115.0,66.0,0.7543659,90.0,68.0,0.68134266,123.0,118.0,0.554857,96.0,125.0,0.6296395,119.0,143.0,0.18906516,105.0,149.0,0.15480386
guy3_dog076.jpg,181.0,163.0,0.38988975,186.0,168.0,0.3840306,176.0,167.0,0.5137261,196.0,158.0,0.48891705,170.0,158.0,0.49859008,209.0,140.0,0.64390093,163.0,140.0,0.4809599,213.0,175.0,0.80535245,149.0,171.0,0.6845497,205.0,206.0,0.5341218,146.0,200.0,0.62194383,210.0,67.0,0.57096267,186.0,67.0,0.6214572,210.0,120.0,0.27854726,180.0,109.0,0.4412369,204.0,146.0,0.20570505,190.0,142.0,0.21987593
guy3_dog076_flipped.jpg,115.0,165.0,0.36557412,120.0,169.0,0.4348145,111.0,169.0,0.5471315,125.0,159.0,0.41099364,102.0,160.0,0.47581726,134.0,139.0,0.55544215,90.0,140.0,0.4635952,148.0,171.0,0.7911461,85.0,176.0,0.83895314,155.0,201.0,0.5412244,93.0,206.0,0.76576966,111.0,66.0,0.7933672,88.0,69.0,0.6566913,121.0,116.0,0.48779863,94.0,125.0,0.57350636,117.0,145.0,0.19675271,102.0,147.0,0.13782062
guy3_dog077.jpg,181.0,164.0,0.37781948,187.0,169.0,0.4926341,177.0,168.0,0.5200579,197.0,159.0,0.51559466,172.0,159.0,0.40677387,210.0,141.0,0.73463887,165.0,139.0,0.6026499,214.0,176.0,0.82149684,150.0,171.0,0.61639595,206.0,207.0,0.4873016,145.0,203.0,0.55314326,211.0,69.0,0.58042186,187.0,68.0,0.59231037,212.0,121.0,0.22622792,183.0,107.0,0.4688163,205.0,146.0,0.21839425,189.0,140.0,0.27348024
guy3_dog077_flipped.jpg,115.0,165.0,0.2884276,120.0,169.0,0.47235864,111.0,170.0,0.5540278,124.0,160.0,0.49423274,102.0,161.0,0.52714443,134.0,138.0,0.6202024,88.0,139.0,0.44116578,147.0,171.0,0.8662603,84.0,177.0,0.7280384,155.0,202.0,0.58622855,93.0,207.0,0.84383893,110.0,68.0,0.7627828,85.0,69.0,0.5224413,119.0,118.0,0.47906542,93.0,124.0,0.6271245,114.0,143.0,0.2694498,97.0,148.0,0.21316145
guy3_dog078.jpg,182.0,167.0,0.3983861,187.0,171.0,0.6094862,178.0,170.0,0.4245501,199.0,161.0,0.6363744,173.0,161.0,0.47666895,212.0,143.0,0.8105475,165.0,140.0,0.6421457,215.0,179.0,0.77533484,151.0,171.0,0.75365704,206.0,208.0,0.5894753,146.0,202.0,0.7525393,214.0,69.0,0.6905724,191.0,68.0,0.63778645,215.0,126.0,0.38365,183.0,110.0,0.48782948,209.0,147.0,0.2415641,195.0,141.0,0.23431109
guy3_dog078_flipped.jpg,113.0,168.0,0.360714,118.0,172.0,0.33803365,110.0,172.0,0.4301732,123.0,162.0,0.5255725,100.0,162.0,0.53076154,132.0,140.0,0.67602766,87.0,142.0,0.4698484,146.0,170.0,0.7471607,83.0,180.0,0.6609496,154.0,203.0,0.65188825,92.0,209.0,0.8114829,107.0,70.0,0.79575247,84.0,72.0,0.6870714,120.0,123.0,0.45705593,89.0,130.0,0.69754636,111.0,145.0,0.23065172,92.0,154.0,0.20731175
guy3_dog079.jpg,184.0,165.0,0.34370503,188.0,170.0,0.5739283,179.0,169.0,0.48717308,201.0,161.0,0.55936074,174.0,160.0,0.52601343,214.0,143.0,0.67032564,167.0,140.0,0.5067573,217.0,180.0,0.7777511,152.0,172.0,0.77906775,207.0,211.0,0.6554229,145.0,203.0,0.72342944,215.0,72.0,0.65566444,193.0,70.0,0.7095289,216.0,126.0,0.35931423,188.0,110.0,0.38758686,210.0,149.0,0.28057972,202.0,145.0,0.22864886
guy3_dog079_flipped.jpg,113.0,166.0,0.36432615,118.0,170.0,0.53052044,109.0,171.0,0.39339638,123.0,162.0,0.51196015,100.0,163.0,0.5066684,131.0,140.0,0.6031712,84.0,144.0,0.37123019,145.0,172.0,0.76848483,83.0,182.0,0.60501385,155.0,204.0,0.58674103,91.0,211.0,0.83628535,105.0,69.0,0.7010124,82.0,70.0,0.70259196,116.0,119.0,0.5236139,87.0,126.0,0.48039538,111.0,142.0,0.21476714,89.0,147.0,0.16556948
guy3_dog080.jpg,185.0,166.0,0.40382233,190.0,171.0,0.43826374,180.0,170.0,0.52978987,201.0,163.0,0.53196263,175.0,161.0,0.58301973,214.0,144.0,0.48371923,168.0,140.0,0.70123816,217.0,179.0,0.75871986,153.0,171.0,0.82951546,207.0,212.0,0.75145274,145.0,204.0,0.7628221,219.0,71.0,0.7199956,196.0,69.0,0.7463826,221.0,125.0,0.32237,201.0,121.0,0.29400593,217.0,152.0,0.32380152,206.0,145.0,0.22852843
guy3_dog080_flipped.jpg,111.0,167.0,0.35812652,116.0,170.0,0.49769303,107.0,171.0,0.4069073,120.0,162.0,0.53590095,97.0,163.0,0.57250667,130.0,143.0,0.7205541,83.0,146.0,0.39120847,145.0,172.0,0.7904929,81.0,183.0,0.6035902,155.0,204.0,0.638472,92.0,212.0,0.8490912,103.0,67.0,0.82491535,81.0,69.0,0.7032753,112.0,119.0,0.41066143,85.0,123.0,0.6522753,106.0,142.0,0.15665486,82.0,153.0,0.26768264
guy3_dog081.jpg,185.0,167.0,0.35144913,191.0,171.0,0.5654999,181.0,171.0,0.5534129,202.0,163.0,0.5452901,175.0,162.0,0.5637655,216.0,146.0,0.6160048,168.0,142.0,0.671821,217.0,182.0,0.8683531,152.0,173.0,0.8462616,207.0,212.0,0.8229321,145.0,204.0,0.7426131,220.0,71.0,0.7481786,197.0,70.0,0.77065045,226.0,120.0,0.4167241,202.0,120.0,0.25316826,222.0,152.0,0.40317354,211.0,147.0,0.32682812
guy3_dog081_flipped.jpg,111.0,168.0,0.37830234,116.0,171.0,0.38918257,107.0,172.0,0.44534788,120.0,162.0,0.53583556,97.0,165.0,0.60339105,128.0,141.0,0.6884879,83.0,145.0,0.3271651,144.0,173.0,0.7881703,81.0,182.0,0.67856395,155.0,204.0,0.71827257,92.0,214.0,0.8237694,101.0,67.0,0.7265235,78.0,69.0,0.705673,108.0,119.0,0.40684143,81.0,126.0,0.58095574,95.0,145.0,0.20832992,78.0,151.0,0.3396743
guy3_dog082.jpg,186.0,167.0,0.37537855,191.0,173.0,0.41728422,180.0,171.0,0.51881474,202.0,164.0,0.605513,175.0,163.0,0.53389245,217.0,146.0,0.6045439,169.0,143.0,0.5749004,219.0,184.0,0.690243,153.0,173.0,0.7467207,207.0,214.0,0.73023343,145.0,206.0,0.7124269,223.0,70.0,0.8279955,198.0,70.0,0.7239034,226.0,119.0,0.28990602,200.0,115.0,0.31205046,223.0,153.0,0.37202203,211.0,148.0,0.31248188
guy3_dog082_flipped.jpg,108.0,169.0,0.37614807,114.0,173.0,0.4294877,106.0,172.0,0.5448555,120.0,163.0,0.541553,97.0,165.0,0.630075,129.0,140.0,0.7556913,83.0,142.0,0.4536624,144.0,176.0,0.7653097,80.0,182.0,0.6929867,155.0,206.0,0.7126947,91.0,215.0,0.80132794,99.0,70.0,0.6885259,77.0,70.0,0.75262415,103.0,120.0,0.5440979,78.0,126.0,0.69534373,89.0,147.0,0.2996186,76.0,154.0,0.39145806
guy3_dog083.jpg,188.0,169.0,0.43816397,192.0,173.0,0.5472903,181.0,173.0,0.6048918,203.0,165.0,0.6125034,177.0,164.0,0.45061007,218.0,146.0,0.557988,170.0,142.0,0.54405576,219.0,184.0,0.7447226,153.0,174.0,0.82245934,207.0,216.0,0.77865595,143.0,207.0,0.8016856,225.0,71.0,0.81303704,199.0,70.0,0.802143,228.0,120.0,0.44400436,206.0,120.0,0.3615315,228.0,158.0,0.40058503,212.0,150.0,0.2433992
guy3_dog083_flipped.jpg,106.0,169.0,0.32465369,112.0,173.0,0.42275906,103.0,173.0,0.5191749,119.0,164.0,0.48827466,95.0,165.0,0.63376737,127.0,139.0,0.81382424,82.0,142.0,0.43577546,144.0,175.0,0.7805982,80.0,184.0,0.6534488,155.0,206.0,0.7731236,92.0,217.0,0.82232916,98.0,71.0,0.6620394,75.0,71.0,0.62400943,98.0,120.0,0.47664535,75.0,125.0,0.6566273,84.0,149.0,0.35897115,71.0,157.0,0.61216664
guy3_dog084.jpg,187.0,170.0,0.46085262,192.0,174.0,0.61286795,182.0,173.0,0.6457584,203.0,165.0,0.60719883,176.0,164.0,0.4560043,219.0,149.0,0.4182957,169.0,143.0,0.53283405,220.0,185.0,0.78275144,152.0,176.0,0.90681964,207.0,216.0,0.81891435,143.0,208.0,0.8829863,226.0,71.0,0.84782374,201.0,70.0,0.7671614,230.0,123.0,0.58280647,208.0,118.0,0.37676027,233.0,159.0,0.5318229,211.0,151.0,0.1876483
guy3_dog084_flipped.jpg,108.0,171.0,0.4034257,114.0,174.0,0.5025066,106.0,174.0,0.56685394,119.0,165.0,0.5748137,96.0,167.0,0.6002805,127.0,141.0,0.7271284,81.0,142.0,0.5564806,144.0,175.0,0.7936368,79.0,185.0,0.768548,156.0,207.0,0.80380225,92.0,217.0,0.83451253,98.0,72.0,0.8372193,72.0,73.0,0.5653246,96.0,124.0,0.47522405,74.0,130.0,0.73258823,84.0,150.0,0.24272552,68.0,162.0,0.5943897
guy3_dog085.jpg,187.0,171.0,0.43914503,191.0,175.0,0.5817963,182.0,175.0,0.61714756,202.0,166.0,0.63378584,176.0,166.0,0.6659806,218.0,150.0,0.50167966,169.0,143.0,0.49186835,218.0,187.0,0.7618979,151.0,177.0,0.91582114,206.0,219.0,0.65385854,144.0,208.0,0.89007014,227.0,69.0,0.83254206,202.0,68.0,0.8244845,234.0,123.0,0.60570455,210.0,120.0,0.49027178,235.0,163.0,0.5322546,229.0,159.0,0.48517624
guy3_dog085_flipped.jpg,108.0,172.0,0.33076116,113.0,175.0,0.5140596,106.0,175.0,0.42600155,119.0,166.0,0.5677846,96.0,168.0,0.45992443,127.0,141.0,0.663692,81.0,145.0,0.53417695,144.0,176.0,0.82667446,80.0,186.0,0.621627,156.0,208.0,0.82254255,93.0,218.0,0.68644047,94.0,71.0,0.8353228,70.0,73.0,0.6978978,91.0,123.0,0.40788138,68.0,127.0,0.75249046,71.0,159.0,0.46856302,65.0,162.0,0.5277494
guy3_dog086.jpg,187.0,171.0,0.4031405,191.0,175.0,0.548604,181.0,175.0,0.54726917,201.0,166.0,0.5696356,176.0,166.0,0.609915,217.0,149.0,0.4934953,170.0,143.0,0.41702738,218.0,186.0,0.78307694,152.0,177.0,0.8631556,206.0,218.0,0.6580045,142.0,208.0,0.7918377,226.0,71.0,0.7658913,201.0,71.0,0.76219624,235.0,122.0,0.6100924,210.0,119.0,0.43033937,237.0,163.0,0.48942503,232.0,161.0,0.4850588
guy3_dog086_flipped.jpg,109.0,172.0,0.35404485,114.0,175.0,0.47865665,106.0,175.0,0.41738844,119.0,166.0,0.55934155,96.0,168.0,0.45713887,126.0,141.0,0.5997373,80.0,145.0,0.5696801,144.0,176.0,0.78874886,81.0,186.0,0.5226439,157.0,208.0,0.79528666,94.0,218.0,0.62361956,94.0,71.0,0.7743747,69.0,75.0,0.73068535,93.0,122.0,0.38665533,67.0,127.0,0.7508564,69.0,161.0,0.33541715,64.0,164.0,0.6252481
guy3_dog087.jpg,187.0,170.0,0.42566675,191.0,174.0,0.51353514,181.0,175.0,0.5712439,200.0,166.0,0.65031844,176.0,166.0,0.65872896,215.0,149.0,0.5830635,170.0,143.0,0.4876975,217.0,188.0,0.5301571,151.0,179.0,0.8224705,203.0,220.0,0.7429631,140.0,210.0,0.6764139,228.0,72.0,0.7815188,203.0,72.0,0.8414548,236.0,123.0,0.6785586,215.0,126.0,0.4704828,238.0,164.0,0.62410915,233.0,161.0,0.50016785
guy3_dog087_flipped.jpg,111.0,172.0,0.37715226,116.0,174.0,0.5900415,108.0,176.0,0.34269917,121.0,165.0,0.41366157,97.0,167.0,0.47157773,126.0,141.0,0.6192174,80.0,144.0,0.5658511,144.0,176.0,0.78172636,80.0,188.0,0.8369833,158.0,209.0,0.7680987,95.0,221.0,0.8320535,93.0,72.0,0.8129357,66.0,75.0,0.7614795,93.0,123.0,0.4866868,65.0,129.0,0.7697132,78.0,149.0,0.15710768,61.0,163.0,0.51207346
guy3_dog088.jpg,187.0,171.0,0.4335885,191.0,175.0,0.5138285,181.0,175.0,0.5837084,201.0,166.0,0.58515215,176.0,166.0,0.6746868,216.0,150.0,0.57369614,172.0,142.0,0.6751878,217.0,189.0,0.85739696,151.0,177.0,0.88437223,202.0,221.0,0.8124763,140.0,208.0,0.82889736,230.0,72.0,0.91620415,204.0,71.0,0.8472913,237.0,123.0,0.8034594,215.0,122.0,0.4982808,240.0,165.0,0.53457916,233.0,161.0,0.5356044
guy3_dog088_flipped.jpg,111.0,172.0,0.40496007,116.0,175.0,0.61279815,108.0,176.0,0.37555078,120.0,165.0,0.43999404,97.0,167.0,0.46066734,126.0,142.0,0.62168527,79.0,145.0,0.6520181,145.0,178.0,0.88423043,80.0,188.0,0.874655,160.0,210.0,0.6498921,96.0,221.0,0.8994813,91.0,71.0,0.7378627,65.0,73.0,0.75171304,89.0,120.0,0.47842968,64.0,128.0,0.7049167,65.0,160.0,0.34360552,59.0,166.0,0.66062474
guy3_dog089.jpg,186.0,172.0,0.44485712,190.0,176.0,0.5287679,181.0,176.0,0.53239095,200.0,167.0,0.67923355,176.0,166.0,0.6847012,216.0,151.0,0.65534806,170.0,143.0,0.4839272,217.0,190.0,0.8936813,151.0,178.0,0.69949174,202.0,221.0,0.7970506,138.0,210.0,0.76673615,232.0,71.0,0.8360176,206.0,70.0,0.83498424,239.0,123.0,0.6635661,215.0,121.0,0.49970582,241.0,166.0,0.6256869,235.0,162.0,0.48160297
guy3_dog089_flipped.jpg,111.0,173.0,0.40339303,116.0,175.0,0.58998406,108.0,176.0,0.3994583,120.0,166.0,0.5498649,97.0,169.0,0.46615148,125.0,142.0,0.7748604,80.0,146.0,0.5992526,145.0,178.0,0.8211412,82.0,189.0,0.82820123,161.0,210.0,0.66593194,96.0,221.0,0.8732786,90.0,69.0,0.74952066,64.0,73.0,0.7402401,88.0,123.0,0.42697355,62.0,129.0,0.7018827,63.0,160.0,0.360935,58.0,165.0,0.69065964
guy3_dog090.jpg,186.0,172.0,0.40774405,189.0,176.0,0.57511485,180.0,175.0,0.43442887,199.0,166.0,0.69725466,175.0,166.0,0.68671787,215.0,152.0,0.72382295,169.0,143.0,0.5202397,216.0,189.0,0.61795616,149.0,180.0,0.89730114,199.0,222.0,0.81769526,137.0,210.0,0.67234874,235.0,70.0,0.9051108,208.0,69.0,0.8610949,240.0,123.0,0.7452576,219.0,122.0,0.51623905,243.0,168.0,0.5727617,236.0,162.0,0.43551636
guy3_dog090_flipped.jpg,111.0,173.0,0.47273728,117.0,175.0,0.5855267,109.0,177.0,0.46909007,121.0,165.0,0.5946628,97.0,168.0,0.4842485,127.0,142.0,0.82694286,80.0,149.0,0.61175054,146.0,179.0,0.84648836,83.0,192.0,0.8437214,162.0,210.0,0.7702654,99.0,222.0,0.6248771,90.0,68.0,0.79738426,62.0,72.0,0.8006792,86.0,121.0,0.52855486,59.0,127.0,0.7666414,61.0,159.0,0.39093146,56.0,166.0,0.65935946
guy3_dog091.jpg,185.0,171.0,0.36968368,189.0,175.0,0.5810771,180.0,175.0,0.48671323,199.0,165.0,0.63808644,174.0,166.0,0.64563847,215.0,149.0,0.6435516,169.0,142.0,0.5513253,215.0,190.0,0.74615276,149.0,179.0,0.85666835,198.0,222.0,0.86881995,136.0,210.0,0.6585096,235.0,71.0,0.90874153,207.0,69.0,0.8606763,240.0,125.0,0.7437315,215.0,123.0,0.52001745,245.0,166.0,0.6560033,237.0,163.0,0.45585147
guy3_dog091_flipped.jpg,111.0,171.0,0.40973392,118.0,174.0,0.52798676,109.0,176.0,0.40587083,123.0,164.0,0.55160797,98.0,168.0,0.52763283,128.0,142.0,0.6825631,81.0,149.0,0.54001296,148.0,177.0,0.69272757,84.0,191.0,0.8120595,164.0,208.0,0.6548203,100.0,223.0,0.7314792,90.0,69.0,0.7894218,62.0,73.0,0.81341547,86.0,121.0,0.50552464,59.0,127.0,0.74903363,64.0,159.0,0.30975226,55.0,167.0,0.64723253
guy3_dog092.jpg,186.0,171.0,0.41546464,189.0,175.0,0.5927143,180.0,175.0,0.4432223,198.0,165.0,0.6182247,174.0,166.0,0.6000287,213.0,151.0,0.68948376,168.0,142.0,0.5867864,212.0,189.0,0.90965366,147.0,179.0,0.87596476,195.0,222.0,0.73338145,134.0,210.0,0.6733922,235.0,70.0,0.8643914,207.0,70.0,0.8619072,241.0,123.0,0.7634495,219.0,122.0,0.4240553,245.0,169.0,0.6511282,232.0,166.0,0.34667802
guy3_dog092_flipped.jpg,113.0,173.0,0.41006383,118.0,176.0,0.34732082,111.0,177.0,0.485171,123.0,165.0,0.54078585,98.0,168.0,0.55524325,128.0,142.0,0.6432618,81.0,145.0,0.5675362,149.0,177.0,0.7573919,85.0,189.0,0.83299893,166.0,208.0,0.83658713,102.0,223.0,0.70160806,91.0,69.0,0.7021688,61.0,73.0,0.66343486,87.0,124.0,0.4618523,58.0,130.0,0.7171196,60.0,163.0,0.41176888,55.0,169.0,0.72349024
guy3_dog093.jpg,185.0,171.0,0.36183372,188.0,175.0,0.5784093,180.0,175.0,0.45313856,197.0,165.0,0.5874004,174.0,166.0,0.60998756,213.0,153.0,0.5045853,168.0,142.0,0.62078285,212.0,190.0,0.70894027,146.0,178.0,0.86517507,193.0,224.0,0.7948765,133.0,209.0,0.8225446,237.0,69.0,0.87887037,207.0,69.0,0.718907,243.0,127.0,0.5749531,220.0,124.0,0.49021935,246.0,170.0,0.5540484,236.0,164.0,0.54052293
guy3_dog093_flipped.jpg,115.0,172.0,0.3701058,121.0,174.0,0.5857991,113.0,176.0,0.3474904,124.0,163.0,0.54485774,100.0,166.0,0.5733977,128.0,141.0,0.6804693,82.0,144.0,0.5586835,149.0,178.0,0.78669906,87.0,191.0,0.89270246,166.0,209.0,0.72911537,105.0,224.0,0.80194867,91.0,70.0,0.74954736,61.0,74.0,0.74895096,86.0,125.0,0.47468087,57.0,131.0,0.74108374,66.0,164.0,0.41191384,54.0,171.0,0.65101135
guy3_dog094.jpg,185.0,171.0,0.35186633,188.0,175.0,0.57687604,178.0,175.0,0.5039947,196.0,166.0,0.5605655,173.0,166.0,0.51082784,211.0,153.0,0.54700565,166.0,142.0,0.60420835,211.0,191.0,0.74764496,145.0,179.0,0.85997194,192.0,224.0,0.7911513,131.0,209.0,0.71268904,237.0,69.0,0.82813126,208.0,69.0,0.7214923,243.0,126.0,0.6107409,221.0,123.0,0.50248665,247.0,169.0,0.58529866,238.0,165.0,0.551957
guy3_dog094_flipped.jpg,115.0,174.0,0.4247582,121.0,177.0,0.49054882,112.0,178.0,0.48150823,124.0,166.0,0.567933,101.0,168.0,0.45464385,129.0,141.0,0.6592474,83.0,144.0,0.5346141,151.0,179.0,0.79929066,88.0,191.0,0.8291934,168.0,210.0,0.72858393,106.0,223.0,0.7960942,89.0,70.0,0.7456683,61.0,73.0,0.7370163,84.0,125.0,0.5250612,56.0,131.0,0.73437464,62.0,164.0,0.39795345,53.0,171.0,0.61513233
guy3_dog095.jpg,183.0,170.0,0.4336827,186.0,175.0,0.49696338,176.0,174.0,0.53423893,195.0,166.0,0.6714895,170.0,166.0,0.64996994,211.0,154.0,0.5363476,165.0,143.0,0.69017625,209.0,192.0,0.88857704,144.0,178.0,0.89240944,188.0,224.0,0.8556738,129.0,210.0,0.67618513,237.0,69.0,0.7429826,209.0,69.0,0.74113804,244.0,127.0,0.7840508,223.0,125.0,0.43446502,249.0,169.0,0.6445092,238.0,166.0,0.534018
guy3_dog095_flipped.jpg,116.0,174.0,0.41513675,121.0,176.0,0.44436398,114.0,178.0,0.4952039,125.0,165.0,0.5450516,103.0,168.0,0.53803647,131.0,142.0,0.65799654,83.0,146.0,0.52744657,153.0,178.0,0.805438,89.0,192.0,0.8361566,170.0,210.0,0.7771941,110.0,224.0,0.8742298,89.0,70.0,0.7527683,61.0,74.0,0.7918889,83.0,124.0,0.5409718,55.0,131.0,0.73330176,63.0,166.0,0.48850703,53.0,172.0,0.79098094
guy3_dog096.jpg,182.0,170.0,0.38867858,184.0,175.0,0.51687586,175.0,175.0,0.46938255,192.0,166.0,0.67143774,169.0,165.0,0.6242961,209.0,150.0,0.70211357,164.0,142.0,0.7591512,208.0,190.0,0.7865784,143.0,177.0,0.90247256,186.0,222.0,0.84179455,127.0,211.0,0.5903827,237.0,70.0,0.8632324,209.0,69.0,0.79068696,244.0,130.0,0.6334548,225.0,126.0,0.4577494,250.0,170.0,0.5503982,237.0,167.0,0.50231576
guy3_dog096_flipped.jpg,115.0,172.0,0.41484126,120.0,175.0,0.5742116,113.0,176.0,0.44217995,124.0,164.0,0.5291468,103.0,167.0,0.58949006,132.0,141.0,0.75738883,83.0,145.0,0.5850384,154.0,178.0,0.87485236,91.0,191.0,0.7747581,173.0,210.0,0.7709157,112.0,223.0,0.81880945,87.0,68.0,0.76353776,61.0,74.0,0.8095163,83.0,128.0,0.4153708,54.0,132.0,0.8568295,62.0,167.0,0.5631923,50.0,172.0,0.74904096
guy3_dog097.jpg,181.0,170.0,0.33381495,183.0,175.0,0.5402436,172.0,174.0,0.57508445,191.0,167.0,0.6911002,168.0,166.0,0.49871716,207.0,150.0,0.71549606,163.0,141.0,0.6045564,205.0,191.0,0.8197807,141.0,177.0,0.85313886,184.0,222.0,0.9129583,125.0,210.0,0.8123695,236.0,71.0,0.7595616,211.0,70.0,0.83106756,244.0,131.0,0.73862565,227.0,130.0,0.53016174,249.0,170.0,0.5481392,238.0,167.0,0.60341823
guy3_dog097_flipped.jpg,115.0,172.0,0.4275137,121.0,174.0,0.60379004,114.0,176.0,0.48930675,125.0,164.0,0.49186626,104.0,168.0,0.5664233,132.0,140.0,0.8099552,83.0,144.0,0.44364202,157.0,177.0,0.8848213,92.0,191.0,0.88310826,175.0,210.0,0.83536494,115.0,224.0,0.82572436,89.0,68.0,0.69821715,61.0,73.0,0.79686236,81.0,127.0,0.5012058,54.0,133.0,0.8739608,62.0,167.0,0.49281314,51.0,172.0,0.7334442
guy3_dog098.jpg,178.0,171.0,0.37290075,181.0,177.0,0.43466017,171.0,176.0,0.4275087,189.0,168.0,0.70137143,165.0,166.0,0.6652206,205.0,152.0,0.7877334,162.0,141.0,0.6729195,204.0,192.0,0.8381731,139.0,178.0,0.6808635,180.0,223.0,0.7456988,122.0,209.0,0.7810987,236.0,71.0,0.73271036,209.0,70.0,0.7543573,244.0,132.0,0.8369713,224.0,129.0,0.57601106,249.0,172.0,0.5557152,238.0,168.0,0.6347035
guy3_dog098_flipped.jpg,117.0,172.0,0.40318307,123.0,174.0,0.51844263,116.0,176.0,0.48664758,128.0,164.0,0.53403664,107.0,167.0,0.6431111,135.0,140.0,0.8217226,88.0,146.0,0.5657824,160.0,178.0,0.8440147,95.0,191.0,0.889516,177.0,209.0,0.76923114,116.0,223.0,0.78080857,88.0,67.0,0.7272239,61.0,72.0,0.80005026,80.0,130.0,0.6366738,54.0,133.0,0.8333932,61.0,167.0,0.5596895,49.0,174.0,0.7414186
guy3_dog099.jpg,178.0,170.0,0.36391297,179.0,175.0,0.502915,170.0,175.0,0.43566728,186.0,167.0,0.62374675,163.0,166.0,0.57805264,202.0,149.0,0.63862276,159.0,142.0,0.675462,202.0,191.0,0.72557807,135.0,177.0,0.85171723,178.0,223.0,0.76467854,119.0,210.0,0.62869155,235.0,70.0,0.70283186,207.0,70.0,0.81525433,243.0,132.0,0.8278974,223.0,132.0,0.61000514,249.0,173.0,0.55731547,238.0,170.0,0.62762773
guy3_dog099_flipped.jpg,118.0,172.0,0.35792756,123.0,175.0,0.50821936,118.0,176.0,0.41707224,129.0,164.0,0.48636407,110.0,167.0,0.5992707,139.0,139.0,0.8603164,92.0,145.0,0.559428,163.0,178.0,0.9104389,96.0,189.0,0.85762084,180.0,211.0,0.8479805,120.0,224.0,0.8198527,90.0,68.0,0.6997677,62.0,73.0,0.7539308,81.0,130.0,0.6333206,55.0,134.0,0.8218114,61.0,167.0,0.5018698,49.0,173.0,0.80811274
guy3_dog100.jpg,172.0,169.0,0.29502398,174.0,173.0,0.5253114,165.0,172.0,0.38123873,183.0,165.0,0.6698321,160.0,163.0,0.5813378,201.0,148.0,0.81898826,157.0,139.0,0.67901355,199.0,190.0,0.90906566,133.0,176.0,0.6994633,174.0,224.0,0.7032192,117.0,210.0,0.80541146,235.0,71.0,0.6238389,208.0,70.0,0.78541183,242.0,132.0,0.8015052,223.0,130.0,0.57122517,250.0,173.0,0.6937748,238.0,172.0,0.62523556
guy3_dog100_flipped.jpg,121.0,170.0,0.43894184,127.0,173.0,0.459262,121.0,174.0,0.6030208,135.0,162.0,0.596467,114.0,164.0,0.6275388,142.0,137.0,0.6046314,96.0,144.0,0.5938213,164.0,178.0,0.8601391,99.0,190.0,0.90738875,182.0,210.0,0.82009125,122.0,223.0,0.6091055,90.0,68.0,0.8069876,63.0,72.0,0.8002737,81.0,133.0,0.5431564,56.0,133.0,0.8090272,61.0,167.0,0.6040733,48.0,172.0,0.7420052
guy3_dog101.jpg,166.0,167.0,0.42160812,168.0,171.0,0.5450987,158.0,171.0,0.4940362,178.0,161.0,0.57693934,154.0,160.0,0.55051035,197.0,143.0,0.59120595,153.0,137.0,0.73842144,196.0,188.0,0.8166192,130.0,177.0,0.75490844,171.0,225.0,0.69802344,114.0,211.0,0.7559193,233.0,69.0,0.8977435,207.0,68.0,0.8083324,241.0,132.0,0.7764226,222.0,132.0,0.67795503,251.0,173.0,0.6361766,238.0,171.0,0.6429305
guy3_dog101_flipped.jpg,128.0,168.0,0.40549797,136.0,170.0,0.5215725,129.0,171.0,0.43772942,142.0,158.0,0.616927,120.0,160.0,0.6311426,146.0,136.0,0.84565455,98.0,141.0,0.59001,167.0,176.0,0.7933647,101.0,187.0,0.825527,185.0,211.0,0.86750144,126.0,223.0,0.75978273,91.0,69.0,0.79843813,64.0,72.0,0.7694528,78.0,131.0,0.5590281,56.0,133.0,0.75007516,60.0,169.0,0.7160679,48.0,173.0,0.86415786
guy3_dog102.jpg,163.0,168.0,0.3572888,165.0,170.0,0.53811675,156.0,170.0,0.42797872,174.0,159.0,0.66532385,150.0,158.0,0.53716123,195.0,142.0,0.72890186,149.0,138.0,0.5930755,194.0,188.0,0.88194054,128.0,176.0,0.7872,169.0,222.0,0.54561126,113.0,209.0,0.7414737,230.0,71.0,0.8183762,205.0,68.0,0.7528553,239.0,133.0,0.7263096,220.0,131.0,0.6808024,251.0,172.0,0.62425506,239.0,169.0,0.5895547
guy3_dog102_flipped.jpg,131.0,166.0,0.5143099,140.0,169.0,0.576014,133.0,170.0,0.42691186,146.0,156.0,0.6667576,124.0,158.0,0.61532044,150.0,136.0,0.73721886,101.0,140.0,0.70497286,170.0,176.0,0.85974026,105.0,186.0,0.68206716,187.0,210.0,0.725115,130.0,224.0,0.8368038,93.0,68.0,0.73145425,67.0,71.0,0.86830014,80.0,131.0,0.58954656,58.0,134.0,0.847093,61.0,169.0,0.64145786,47.0,173.0,0.8669588
guy3_dog103.jpg,161.0,167.0,0.21460612,162.0,169.0,0.2863247,153.0,170.0,0.37028915,169.0,159.0,0.41935444,147.0,157.0,0.5141779,191.0,140.0,0.44051012,147.0,135.0,0.5300791,191.0,185.0,0.7294768,128.0,176.0,0.68894434,166.0,222.0,0.53902245,110.0,208.0,0.76108885,228.0,73.0,0.75702375,203.0,71.0,0.72383595,237.0,133.0,0.6471894,216.0,132.0,0.48577252,250.0,171.0,0.64473313,241.0,170.0,0.56031275
guy3_dog103_flipped.jpg,135.0,165.0,0.4412887,142.0,166.0,0.32903856,137.0,168.0,0.5188612,150.0,153.0,0.5372881,129.0,155.0,0.48349503,150.0,132.0,0.635435,106.0,137.0,0.6183925,169.0,174.0,0.7957224,108.0,186.0,0.8761439,189.0,209.0,0.77984357,134.0,223.0,0.69790196,93.0,68.0,0.73639345,66.0,72.0,0.7734343,76.0,134.0,0.6948482,58.0,135.0,0.7152345,60.0,169.0,0.6488431,47.0,172.0,0.78397024
guy3_dog104.jpg,156.0,165.0,0.33099028,156.0,167.0,0.43221113,148.0,167.0,0.46282536,164.0,156.0,0.5265146,144.0,154.0,0.4498893,190.0,137.0,0.65077734,143.0,130.0,0.62465763,188.0,185.0,0.76770043,126.0,173.0,0.63535786,162.0,221.0,0.63548386,107.0,209.0,0.8109957,225.0,73.0,0.6346999,201.0,71.0,0.7854363,235.0,134.0,0.7918785,215.0,130.0,0.5732272,249.0,171.0,0.71001023,240.0,169.0,0.6488663
guy3_dog104_flipped.jpg,138.0,166.0,0.5395678,145.0,166.0,0.6133569,140.0,168.0,0.59002256,152.0,151.0,0.5803282,134.0,153.0,0.661513,154.0,129.0,0.79962164,110.0,135.0,0.6041266,172.0,172.0,0.7662256,111.0,184.0,0.8604158,192.0,210.0,0.7220237,136.0,222.0,0.60048,94.0,68.0,0.80191016,68.0,73.0,0.7593497,81.0,135.0,0.6218722,60.0,135.0,0.7741373,60.0,168.0,0.7381873,47.0,172.0,0.550821
guy3_dog105.jpg,154.0,164.0,0.36665025,154.0,164.0,0.4307607,148.0,165.0,0.5106165,159.0,150.0,0.55963695,142.0,150.0,0.53837484,185.0,132.0,0.61262715,139.0,128.0,0.4092559,184.0,183.0,0.7897057,124.0,171.0,0.63220716,157.0,222.0,0.5652362,105.0,208.0,0.72746235,222.0,73.0,0.6735314,200.0,70.0,0.77587086,233.0,134.0,0.69663024,213.0,131.0,0.54412985,248.0,171.0,0.7103262,240.0,169.0,0.44568127
guy3_dog105_flipped.jpg,142.0,165.0,0.60150427,148.0,164.0,0.59872067,143.0,165.0,0.6981549,155.0,147.0,0.58833945,139.0,148.0,0.6544932,157.0,126.0,0.85175,116.0,132.0,0.67338383,173.0,171.0,0.71243054,115.0,182.0,0.7964963,194.0,208.0,0.89857864,140.0,222.0,0.7683248,98.0,66.0,0.6570709,72.0,71.0,0.6968839,82.0,133.0,0.5705066,65.0,135.0,0.7834355,60.0,168.0,0.6658755,49.0,172.0,0.6122555
guy3_dog106.jpg,147.0,161.0,0.2886702,147.0,162.0,0.5469278,140.0,163.0,0.43009886,153.0,146.0,0.6623627,132.0,147.0,0.5971532,179.0,128.0,0.71441275,135.0,127.0,0.6567527,181.0,180.0,0.89514065,119.0,171.0,0.7551388,156.0,220.0,0.71238554,102.0,208.0,0.7502463,217.0,73.0,0.8416366,197.0,70.0,0.74091923,231.0,134.0,0.77443606,211.0,133.0,0.6518534,248.0,171.0,0.7414291,238.0,168.0,0.511753
guy3_dog106_flipped.jpg,146.0,161.0,0.63503647,153.0,161.0,0.5897752,148.0,161.0,0.6802474,159.0,146.0,0.54219425,146.0,145.0,0.64558345,162.0,126.0,0.7651388,123.0,131.0,0.5277029,178.0,171.0,0.6723154,119.0,182.0,0.9061117,196.0,208.0,0.88819504,143.0,222.0,0.7747155,101.0,71.0,0.638889,76.0,73.0,0.7666878,84.0,134.0,0.63606846,67.0,136.0,0.8587669,59.0,167.0,0.68810856,49.0,173.0,0.7865296
guy3_dog107.jpg,138.0,162.0,0.44020575,137.0,161.0,0.674142,132.0,162.0,0.5178031,145.0,144.0,0.5593293,128.0,145.0,0.5405456,173.0,131.0,0.5657046,130.0,125.0,0.53852856,175.0,180.0,0.8736415,116.0,170.0,0.8026126,152.0,221.0,0.77108264,100.0,208.0,0.78838754,216.0,72.0,0.8030743,196.0,70.0,0.7291944,230.0,133.0,0.6424737,209.0,132.0,0.57418823,250.0,171.0,0.72293687,238.0,169.0,0.39677784
guy3_dog107_flipped.jpg,155.0,161.0,0.6443192,163.0,160.0,0.6333549,158.0,160.0,0.69113696,167.0,144.0,0.5948484,153.0,144.0,0.6873779,168.0,124.0,0.7252128,125.0,130.0,0.5218668,182.0,169.0,0.8553792,123.0,180.0,0.67410827,199.0,207.0,0.8482081,145.0,221.0,0.6856118,106.0,74.0,0.7682078,80.0,76.0,0.683303,84.0,137.0,0.67326957,68.0,136.0,0.8967773,59.0,168.0,0.77569044,49.0,173.0,0.7608655
guy3_dog108.jpg,130.0,160.0,0.34389564,129.0,158.0,0.28857368,124.0,159.0,0.38958523,137.0,142.0,0.5997106,121.0,145.0,0.33237886,167.0,127.0,0.39178938,124.0,124.0,0.39468846,172.0,178.0,0.6597006,113.0,168.0,0.5213668,150.0,221.0,0.49881232,99.0,207.0,0.7019332,210.0,74.0,0.6393119,186.0,72.0,0.70445526,226.0,135.0,0.6603905,206.0,134.0,0.48815316,249.0,172.0,0.6140679,238.0,171.0,0.36585963
guy3_dog108_flipped.jpg,163.0,160.0,0.6185204,170.0,158.0,0.55659866,165.0,158.0,0.5459196,173.0,143.0,0.59717727,160.0,142.0,0.74240893,173.0,121.0,0.77680254,131.0,125.0,0.51340485,185.0,168.0,0.82769823,127.0,178.0,0.8412043,201.0,208.0,0.8669793,149.0,221.0,0.7767353,113.0,75.0,0.73811,85.0,79.0,0.75213575,87.0,138.0,0.59232104,69.0,136.0,0.8152927,60.0,168.0,0.724947,49.0,173.0,0.66011596
guy3_dog109.jpg,125.0,161.0,0.6418438,123.0,158.0,0.5644299,120.0,158.0,0.5698374,130.0,140.0,0.71426654,117.0,142.0,0.4131983,163.0,124.0,0.735147,118.0,121.0,0.4674209,167.0,178.0,0.86480695,110.0,165.0,0.70767653,146.0,221.0,0.8199213,96.0,208.0,0.906823,208.0,73.0,0.68311715,183.0,69.0,0.82902944,227.0,135.0,0.6015279,207.0,137.0,0.6826873,248.0,171.0,0.7461709,237.0,172.0,0.6202035
guy3_dog109_flipped.jpg,172.0,158.0,0.6284259,177.0,157.0,0.55337614,174.0,156.0,0.6383191,179.0,141.0,0.5358993,168.0,139.0,0.64245677,177.0,118.0,0.8549496,136.0,124.0,0.66169,188.0,166.0,0.8895654,132.0,178.0,0.68045837,201.0,208.0,0.8363357,152.0,222.0,0.84440494,114.0,75.0,0.5723941,88.0,77.0,0.6763693,90.0,136.0,0.59158,71.0,137.0,0.887714,61.0,168.0,0.8019418,50.0,172.0,0.82163775
guy3_dog110.jpg,120.0,159.0,0.5371262,118.0,157.0,0.7351018,114.0,157.0,0.49543905,124.0,139.0,0.6454198,112.0,140.0,0.5431534,156.0,122.0,0.6088325,114.0,118.0,0.5314104,163.0,176.0,0.81877023,108.0,166.0,0.53395104,143.0,221.0,0.7175584,94.0,207.0,0.8437968,204.0,74.0,0.7359586,178.0,73.0,0.7469305,225.0,136.0,0.7336786,204.0,138.0,0.6417887,248.0,171.0,0.76796997,236.0,171.0,0.52415705
guy3_dog110_flipped.jpg,176.0,157.0,0.71783525,182.0,156.0,0.6417656,179.0,155.0,0.6903033,184.0,138.0,0.60690534,173.0,138.0,0.5962622,182.0,116.0,0.770469,141.0,122.0,0.60530925,191.0,165.0,0.8509677,137.0,176.0,0.9035969,205.0,208.0,0.8009331,156.0,221.0,0.8219128,116.0,78.0,0.6509728,90.0,79.0,0.7893958,94.0,138.0,0.7650097,73.0,135.0,0.7313123,59.0,171.0,0.7166624,51.0,173.0,0.7418062
guy3_dog111.jpg,112.0,157.0,0.42769304,111.0,155.0,0.507079,108.0,155.0,0.6794749,118.0,137.0,0.73648643,107.0,139.0,0.44488147,151.0,123.0,0.68651754,109.0,118.0,0.5707022,157.0,176.0,0.78829,104.0,167.0,0.6959843,139.0,221.0,0.6276375,94.0,207.0,0.6309109,201.0,76.0,0.6742173,175.0,73.0,0.7635216,220.0,139.0,0.74061763,202.0,140.0,0.5641947,246.0,173.0,0.7433133,236.0,173.0,0.60751593
guy3_dog111_flipped.jpg,182.0,156.0,0.71991765,189.0,154.0,0.68606246,185.0,153.0,0.605534,190.0,138.0,0.6691043,180.0,137.0,0.8219503,186.0,117.0,0.7769501,147.0,122.0,0.66514647,193.0,165.0,0.8112787,140.0,176.0,0.77557033,207.0,207.0,0.83705705,157.0,219.0,0.75926405,121.0,76.0,0.73564005,94.0,78.0,0.74559754,97.0,140.0,0.71220195,78.0,139.0,0.8294861,61.0,169.0,0.72644883,52.0,174.0,0.7332438
guy3_dog112.jpg,108.0,155.0,0.483238,105.0,153.0,0.65140945,103.0,154.0,0.59944224,113.0,135.0,0.6780186,103.0,136.0,0.57956964,147.0,123.0,0.7423612,106.0,117.0,0.70566064,154.0,175.0,0.8449416,102.0,169.0,0.75857735,137.0,221.0,0.79217625,90.0,207.0,0.89740884,200.0,76.0,0.7446702,174.0,72.0,0.7797508,219.0,140.0,0.74760723,200.0,141.0,0.74603766,245.0,176.0,0.64557105,236.0,172.0,0.6860483
guy3_dog112_flipped.jpg,188.0,154.0,0.5864325,194.0,151.0,0.7325407,190.0,150.0,0.7536687,195.0,135.0,0.61672467,184.0,135.0,0.79523164,189.0,116.0,0.74294233,151.0,120.0,0.6025437,196.0,169.0,0.7261778,145.0,175.0,0.6585685,208.0,206.0,0.77139235,161.0,220.0,0.7766132,123.0,77.0,0.63146496,96.0,80.0,0.7758278,99.0,142.0,0.5406053,80.0,142.0,0.8266364,62.0,170.0,0.5939721,55.0,173.0,0.7334661
guy3_dog113.jpg,102.0,154.0,0.37642708,98.0,151.0,0.58169925,96.0,153.0,0.56951106,107.0,133.0,0.56739855,97.0,136.0,0.35885176,143.0,122.0,0.52071106,103.0,116.0,0.44061297,149.0,174.0,0.6521586,99.0,170.0,0.4707111,136.0,221.0,0.4942884,90.0,207.0,0.74068475,198.0,80.0,0.686975,172.0,75.0,0.6810014,213.0,144.0,0.57605094,194.0,144.0,0.49318904,243.0,175.0,0.643672,241.0,172.0,0.40865517
guy3_dog113_flipped.jpg,194.0,154.0,0.6164472,200.0,152.0,0.6131232,197.0,150.0,0.6457925,201.0,133.0,0.49220762,190.0,133.0,0.8040637,193.0,117.0,0.8143858,155.0,122.0,0.5405921,198.0,167.0,0.83095825,149.0,175.0,0.59830195,210.0,206.0,0.806744,164.0,219.0,0.81632257,125.0,80.0,0.5446724,99.0,82.0,0.7691351,101.0,146.0,0.60376215,83.0,146.0,0.7984222,62.0,169.0,0.5729336,55.0,173.0,0.7451856
guy3_dog114.jpg,97.0,153.0,0.508564,94.0,150.0,0.54955506,92.0,151.0,0.7169845,102.0,131.0,0.66206497,93.0,133.0,0.43045336,139.0,122.0,0.6820818,99.0,115.0,0.7523747,146.0,174.0,0.8630243,97.0,170.0,0.75322354,132.0,220.0,0.7914431,89.0,206.0,0.7475687,197.0,84.0,0.8793554,171.0,81.0,0.6194796,213.0,148.0,0.57870317,192.0,149.0,0.73010194,244.0,174.0,0.6412132,235.0,171.0,0.3358151
guy3_dog114_flipped.jpg,199.0,152.0,0.7398962,204.0,150.0,0.6987864,201.0,148.0,0.54774773,204.0,132.0,0.7351614,195.0,131.0,0.7792345,196.0,118.0,0.8398755,158.0,120.0,0.59086466,200.0,167.0,0.76434875,153.0,175.0,0.6742437,211.0,206.0,0.86746407,166.0,219.0,0.8951573,125.0,84.0,0.52274007,102.0,85.0,0.60708284,105.0,150.0,0.5937468,86.0,150.0,0.7622142,68.0,166.0,0.38765284,57.0,172.0,0.8519943
