guy3_warrior043_flipped.jpg,123.0,155.0,0.6448127,126.0,151.0,0.7037498,118.0,151.0,0.6446794,134.0,144.0,0.5761341,112.0,140.0,0.4185276,158.0,137.0,0.5828767,107.0,128.0,0.7356241,190.0,108.0,0.77024364,98.0,100.0,0.8271728,170.0,79.0,0.6367651,130.0,109.0,0.72543794,169.0,132.0,0.37438795,135.0,130.0,0.30468458,191.0,108.0,0.4625381,144.0,192.0,0.36126843,193.0,109.0,0.20951985,149.0,212.0,0.14457248
guy3_warrior044.jpg,174.0,162.0,0.28101352,179.0,158.0,0.48354974,173.0,158.0,0.32087407,186.0,145.0,0.49110022,166.0,149.0,0.4590766,190.0,132.0,0.6175991,146.0,143.0,0.24849333,201.0,101.0,0.76350725,110.0,110.0,0.18454927,168.0,110.0,0.3253196,167.0,112.0,0.113287546,167.0,131.0,0.22942995,139.0,137.0,0.17705943,153.0,195.0,0.24813768,154.0,195.0,0.20028315,148.0,241.0,0.2536877,148.0,241.0,0.14567533
guy3_warrior045_flipped.jpg,127.0,158.0,0.1877329,130.0,155.0,0.324301,123.0,153.0,0.29691753,140.0,146.0,0.28918108,118.0,146.0,0.38573793,158.0,137.0,0.3198521,116.0,138.0,0.30570415,190.0,108.0,0.8287042,97.0,101.0,0.7268243,170.0,81.0,0.42111668,122.0,104.0,0.32106864,162.0,129.0,0.13141416,131.0,125.0,0.15392166,191.0,111.0,0.1683046,141.0,177.0,0.22779489,169.0,83.0,0.1623284,153.0,237.0,0.35173512
guy3_warrior047.jpg,167.0,163.0,0.36098114,174.0,157.0,0.4117589,164.0,158.0,0.2935801,181.0,149.0,0.4357668,155.0,152.0,0.4203996,183.0,141.0,0.52826345,139.0,139.0,0.3651887,200.0,104.0,0.541927,109.0,108.0,0.15421444,179.0,109.0,0.13462538,132.0,81.0,0.12611343,172.0,140.0,0.14314795,139.0,141.0,0.2502973,156.0,194.0,0.27167755,152.0,193.0,0.2754549,146.0,238.0,0.46238583,132.0,84.0,0.32425752
guy3_warrior048_flipped.jpg,130.0,160.0,0.260467,134.0,156.0,0.30997744,127.0,156.0,0.32512382,144.0,149.0,0.36940128,122.0,150.0,0.30398658,158.0,138.0,0.4760714,119.0,142.0,0.28317416,189.0,108.0,0.7954296,100.0,104.0,0.66916394,168.0,81.0,0.33764502,106.0,104.0,0.1830324,161.0,134.0,0.114380956,131.0,129.0,0.19333196,190.0,112.0,0.3166415,143.0,178.0,0.26148897,168.0,84.0,0.32607347,152.0,236.0,0.25626832
guy3_warrior049.jpg,171.0,168.0,0.4588066,174.0,162.0,0.46353728,168.0,163.0,0.5142753,178.0,149.0,0.5295454,158.0,155.0,0.47714403,184.0,138.0,0.60527146,143.0,147.0,0.39418393,201.0,105.0,0.6414319,110.0,110.0,0.37358615,177.0,109.0,0.18469936,134.0,85.0,0.2509909,177.0,134.0,0.19697744,141.0,144.0,0.23730563,155.0,197.0,0.24407387,154.0,191.0,0.4127083,148.0,236.0,0.41165125,134.0,87.0,0.23682986
guy3_warrior050_flipped.jpg,130.0,163.0,0.39191937,134.0,160.0,0.68003446,127.0,159.0,0.6121241,144.0,153.0,0.54371846,124.0,149.0,0.37777734,161.0,144.0,0.5525534,116.0,135.0,0.74584293,190.0,110.0,0.9059848,100.0,106.0,0.7353492,169.0,86.0,0.65455246,130.0,111.0,0.3880122,160.0,134.0,0.40895963,135.0,130.0,0.48245695,147.0,168.0,0.1593607,136.0,166.0,0.263115,169.0,85.0,0.42865086,131.0,111.0,0.14303643
guy3_warrior052_flipped.jpg,134.0,163.0,0.5554137,137.0,162.0,0.608581,129.0,160.0,0.41544813,146.0,155.0,0.50480586,125.0,148.0,0.38238704,161.0,143.0,0.70540607,118.0,136.0,0.62196815,190.0,111.0,0.8852418,99.0,107.0,0.64084613,166.0,89.0,0.5211456,129.0,114.0,0.38624865,152.0,135.0,0.49236077,131.0,133.0,0.5216979,147.0,191.0,0.1773595,136.0,169.0,0.20218766,166.0,88.0,0.25441968,130.0,114.0,0.47636455
guy3_warrior054_flipped.jpg,133.0,165.0,0.54741603,138.0,164.0,0.54486215,129.0,161.0,0.56556475,147.0,156.0,0.478574,125.0,148.0,0.6084368,161.0,144.0,0.41037485,118.0,138.0,0.72119087,189.0,112.0,0.9176698,98.0,109.0,0.8025159,164.0,92.0,0.5392217,127.0,115.0,0.57169163,153.0,136.0,0.5250241,131.0,132.0,0.5824718,144.0,173.0,0.16383938,137.0,171.0,0.20120142,164.0,92.0,0.37345338,127.0,114.0,0.55851746
guy3_warrior058_flipped.jpg,141.0,164.0,0.17156214,146.0,161.0,0.30305892,137.0,164.0,0.33317775,154.0,153.0,0.5134885,131.0,160.0,0.40592846,165.0,144.0,0.5129387,118.0,145.0,0.43990704,184.0,111.0,0.7522529,94.0,110.0,0.68427634,159.0,96.0,0.4709488,109.0,123.0,0.28441316,154.0,120.0,0.4213107,123.0,124.0,0.677687,184.0,114.0,0.5812261,125.0,122.0,0.13991648,157.0,97.0,0.70163333,120.0,119.0,0.29016387
guy3_warrior059.jpg,153.0,171.0,0.21368228,158.0,169.0,0.34870526,150.0,167.0,0.19711679,169.0,161.0,0.36671442,146.0,160.0,0.25052494,176.0,153.0,0.3650591,135.0,139.0,0.4505847,205.0,113.0,0.38781774,117.0,112.0,0.5361395,191.0,117.0,0.1271427,143.0,97.0,0.10849354,176.0,139.0,0.15690896,148.0,134.0,0.20426643,164.0,194.0,0.19296293,144.0,119.0,0.12973113,147.0,98.0,0.3230172,144.0,98.0,0.66960275
guy3_warrior060_flipped.jpg,137.0,171.0,0.47675472,142.0,170.0,0.5779098,133.0,167.0,0.5449601,149.0,165.0,0.42238757,124.0,153.0,0.6607251,161.0,145.0,0.69891584,116.0,144.0,0.6784265,182.0,114.0,0.8172831,93.0,114.0,0.736994,155.0,96.0,0.67561674,125.0,120.0,0.21014187,152.0,148.0,0.3501629,124.0,148.0,0.4654882,152.0,175.0,0.1358293,134.0,195.0,0.6558213,139.0,206.0,0.15858445,135.0,201.0,0.15521318
guy3_warrior061.jpg,158.0,175.0,0.3288679,162.0,171.0,0.41096467,155.0,171.0,0.38856077,171.0,160.0,0.38359,150.0,162.0,0.28625777,181.0,145.0,0.367098,139.0,143.0,0.31280273,208.0,111.0,0.52830625,118.0,114.0,0.22343321,189.0,124.0,0.11724913,145.0,97.0,0.18414214,176.0,130.0,0.21816203,143.0,133.0,0.2683289,209.0,114.0,0.35101908,131.0,130.0,0.21363388,152.0,97.0,0.2684989,146.0,98.0,0.57118124
guy3_warrior062.jpg,157.0,176.0,0.2864899,160.0,171.0,0.3701481,154.0,171.0,0.30536672,169.0,162.0,0.3774525,149.0,162.0,0.35790545,180.0,146.0,0.3591425,139.0,144.0,0.41354302,210.0,112.0,0.6183779,118.0,114.0,0.33321133,190.0,126.0,0.16866256,145.0,97.0,0.33067617,178.0,132.0,0.19523439,145.0,133.0,0.2614122,210.0,114.0,0.26935205,131.0,131.0,0.22606488,186.0,129.0,0.10137448,148.0,98.0,0.37002835
guy3_warrior062_flipped.jpg,146.0,176.0,0.30717504,149.0,170.0,0.27171555,143.0,174.0,0.4584068,153.0,155.0,0.34642178,134.0,162.0,0.42661357,162.0,141.0,0.2930919,125.0,163.0,0.36928073,179.0,110.0,0.21624379,132.0,205.0,0.4445435,152.0,95.0,0.15484121,137.0,239.0,0.40528858,154.0,128.0,0.10295562,125.0,132.0,0.16704307,179.0,113.0,0.2882466,129.0,185.0,0.10744196,149.0,97.0,0.5149198,145.0,98.0,0.31010452
guy3_warrior063_flipped.jpg,142.0,176.0,0.54447937,146.0,172.0,0.52199334,136.0,171.0,0.47871056,153.0,158.0,0.50718117,127.0,161.0,0.46683395,163.0,143.0,0.6180387,114.0,145.0,0.6444934,179.0,114.0,0.7921117,89.0,114.0,0.662441,151.0,96.0,0.5149103,119.0,121.0,0.17877421,155.0,142.0,0.15162152,122.0,145.0,0.20827094,145.0,174.0,0.12451718,128.0,177.0,0.392652,150.0,96.0,0.23363176,130.0,182.0,0.26854008
guy3_warrior067_flipped.jpg,143.0,174.0,0.3477209,148.0,169.0,0.5250994,140.0,172.0,0.47711655,153.0,158.0,0.56414604,130.0,166.0,0.4568905,160.0,140.0,0.7645962,116.0,149.0,0.5426543,175.0,113.0,0.7462269,84.0,115.0,0.58928335,148.0,95.0,0.3257967,113.0,121.0,0.16729628,140.0,137.0,0.3126481,116.0,143.0,0.38358313,140.0,169.0,0.12912895,125.0,202.0,0.47835597,137.0,103.0,0.13732626,115.0,122.0,0.22830296
guy3_warrior068_flipped.jpg,145.0,178.0,0.26843292,150.0,173.0,0.22204848,142.0,177.0,0.26033276,156.0,160.0,0.5385326,132.0,168.0,0.30556598,162.0,143.0,0.4790842,118.0,164.0,0.36270806,176.0,109.0,0.33385473,122.0,208.0,0.5081256,143.0,94.0,0.35240784,130.0,246.0,0.39972568,138.0,112.0,0.35186252,112.0,123.0,0.27324957,176.0,112.0,0.35362047,109.0,138.0,0.10794703,142.0,97.0,0.5169368,101.0,127.0,0.16112377
guy3_warrior069.jpg,154.0,170.0,0.146195,157.0,171.0,0.2625784,151.0,168.0,0.22816244,168.0,167.0,0.26683512,147.0,159.0,0.32637343,184.0,145.0,0.24313234,142.0,138.0,0.51535237,215.0,113.0,0.55687755,123.0,111.0,0.47217485,207.0,120.0,0.12992947,156.0,99.0,0.40978956,187.0,147.0,0.33585775,163.0,143.0,0.26776403,177.0,203.0,0.34510943,175.0,201.0,0.29750547,171.0,247.0,0.28255054,171.0,247.0,0.37282133
guy3_warrior071_flipped.jpg,146.0,176.0,0.5466274,150.0,171.0,0.6592275,141.0,173.0,0.53199685,155.0,158.0,0.5231447,131.0,162.0,0.5876311,160.0,138.0,0.82145387,115.0,152.0,0.38030908,177.0,107.0,0.7365473,93.0,122.0,0.39702266,143.0,106.0,0.373787,80.0,110.0,0.54087204,135.0,133.0,0.4621934,114.0,136.0,0.32321084,166.0,132.0,0.14028092,120.0,189.0,0.4909996,140.0,106.0,0.3837672,122.0,115.0,0.13367103
guy3_warrior072_flipped.jpg,144.0,175.0,0.46630833,148.0,170.0,0.41512623,140.0,171.0,0.4034539,154.0,157.0,0.5133522,131.0,161.0,0.5177268,159.0,140.0,0.5770777,116.0,148.0,0.49925178,174.0,105.0,0.6083689,81.0,110.0,0.5233192,138.0,110.0,0.30015266,98.0,128.0,0.1567333,131.0,122.0,0.27280113,114.0,127.0,0.21844403,175.0,106.0,0.18245475,118.0,201.0,0.35129786,137.0,112.0,0.32520097,122.0,120.0,0.17858812
guy3_warrior075_flipped.jpg,147.0,174.0,0.51227033,150.0,170.0,0.42878214,143.0,173.0,0.423413,157.0,153.0,0.6166396,131.0,161.0,0.5587821,164.0,138.0,0.48677373,111.0,156.0,0.45065153,168.0,100.0,0.76369053,116.0,207.0,0.85957694,139.0,120.0,0.21923015,121.0,250.0,0.58085835,129.0,119.0,0.5848055,103.0,128.0,0.34627762,168.0,102.0,0.2968603,83.0,110.0,0.2865388,133.0,121.0,0.19968502,105.0,134.0,0.26588932
guy3_warrior077.jpg,152.0,167.0,0.2883649,155.0,166.0,0.38247585,149.0,165.0,0.35106903,167.0,157.0,0.40126875,150.0,153.0,0.29181674,189.0,150.0,0.37735707,143.0,138.0,0.5478271,221.0,108.0,0.5255784,133.0,103.0,0.51607394,195.0,112.0,0.35533664,140.0,122.0,0.17627363,197.0,141.0,0.3281356,174.0,139.0,0.13149507,187.0,205.0,0.42906964,176.0,187.0,0.12663886,181.0,252.0,0.5509428,140.0,124.0,0.11980684
guy3_warrior078.jpg,151.0,167.0,0.4972783,153.0,166.0,0.5666512,148.0,165.0,0.48223844,162.0,156.0,0.41436332,149.0,152.0,0.38905275,190.0,146.0,0.5817187,142.0,138.0,0.5043354,222.0,110.0,0.77733296,133.0,104.0,0.43698233,197.0,110.0,0.30302972,141.0,127.0,0.13788858,199.0,137.0,0.5343994,176.0,130.0,0.36653894,189.0,203.0,0.36063436,183.0,189.0,0.18802243,183.0,251.0,0.4725095,183.0,251.0,0.1589417
guy3_warrior079.jpg,150.0,166.0,0.42735472,151.0,165.0,0.42113033,146.0,163.0,0.3469707,162.0,157.0,0.41899225,149.0,150.0,0.39002472,187.0,147.0,0.44825143,144.0,138.0,0.46898264,225.0,111.0,0.72584754,134.0,106.0,0.42528668,209.0,119.0,0.15479186,133.0,119.0,0.22055565,203.0,134.0,0.5339811,183.0,129.0,0.27857524,190.0,202.0,0.49359274,185.0,190.0,0.23998225,184.0,253.0,0.5181029,185.0,252.0,0.15358718
guy3_warrior081.jpg,149.0,165.0,0.4715438,151.0,163.0,0.43283033,146.0,162.0,0.41893372,162.0,154.0,0.45958367,148.0,148.0,0.36268032,189.0,145.0,0.4436239,143.0,137.0,0.51285446,228.0,116.0,0.5443469,134.0,110.0,0.3872874,224.0,118.0,0.36150986,130.0,115.0,0.4582074,203.0,137.0,0.56138265,182.0,132.0,0.2797829,192.0,203.0,0.6451895,187.0,195.0,0.35779405,186.0,254.0,0.73913014,133.0,120.0,0.12178456
guy3_warrior082.jpg,149.0,162.0,0.5368943,152.0,161.0,0.5734446,145.0,159.0,0.53702575,162.0,150.0,0.42380816,146.0,146.0,0.4061412,191.0,142.0,0.46518376,142.0,133.0,0.49150512,224.0,121.0,0.363719,135.0,114.0,0.2559595,226.0,118.0,0.47305715,128.0,114.0,0.39675885,203.0,136.0,0.39291865,177.0,128.0,0.13929087,193.0,203.0,0.49529234,188.0,197.0,0.35471794,187.0,254.0,0.60190046,187.0,254.0,0.11884834
guy3_warrior082_flipped.jpg,152.0,165.0,0.49756578,157.0,160.0,0.49361265,148.0,160.0,0.54776216,162.0,150.0,0.47616902,137.0,150.0,0.5615502,163.0,138.0,0.4818803,109.0,143.0,0.3112742,168.0,108.0,0.7292169,70.0,117.0,0.7272277,168.0,119.0,0.22497518,90.0,126.0,0.24808381,128.0,130.0,0.29129556,99.0,134.0,0.29803142,111.0,201.0,0.119392924,107.0,203.0,0.53967434,114.0,254.0,0.10286743,113.0,255.0,0.6294178
guy3_warrior083.jpg,148.0,161.0,0.5312386,151.0,159.0,0.6017225,144.0,158.0,0.39998296,162.0,148.0,0.5417383,144.0,146.0,0.27383617,189.0,142.0,0.48460606,141.0,137.0,0.3592608,230.0,121.0,0.4336452,131.0,115.0,0.43571657,223.0,121.0,0.24906224,127.0,117.0,0.5490159,210.0,131.0,0.5597956,185.0,132.0,0.17815235,193.0,200.0,0.58274895,188.0,197.0,0.47971135,186.0,253.0,0.5618613,193.0,232.0,0.204321
guy3_warrior084.jpg,147.0,160.0,0.44457766,149.0,157.0,0.5291449,144.0,157.0,0.46034598,159.0,146.0,0.46119153,147.0,143.0,0.2919664,187.0,140.0,0.5032329,147.0,131.0,0.487836,208.0,122.0,0.22200482,145.0,114.0,0.10894762,215.0,125.0,0.3714106,128.0,117.0,0.37640756,210.0,134.0,0.42038026,190.0,132.0,0.2259364,194.0,204.0,0.6657175,189.0,193.0,0.30416375,187.0,255.0,0.6193964,188.0,254.0,0.19541788
guy3_warrior085.jpg,145.0,157.0,0.50296646,147.0,154.0,0.5277414,140.0,154.0,0.39038524,159.0,144.0,0.6181474,143.0,143.0,0.32074097,186.0,143.0,0.5347532,151.0,128.0,0.4120906,215.0,130.0,0.11878676,193.0,116.0,0.29433593,220.0,125.0,0.2229004,210.0,110.0,0.29470918,206.0,141.0,0.46798512,192.0,142.0,0.17414846,194.0,202.0,0.53721136,189.0,191.0,0.18229224,189.0,252.0,0.6524136,189.0,251.0,0.13637383
guy3_warrior085_flipped.jpg,152.0,157.0,0.52029973,158.0,152.0,0.42192534,149.0,153.0,0.40358457,161.0,144.0,0.32158428,141.0,142.0,0.4632034,159.0,131.0,0.32752404,112.0,142.0,0.2299763,172.0,120.0,0.24823418,68.0,127.0,0.62797415,89.0,111.0,0.18191792,84.0,139.0,0.16898388,109.0,129.0,0.19423579,87.0,134.0,0.2447883,109.0,199.0,0.22720417,104.0,201.0,0.61644864,111.0,252.0,0.20400776,110.0,255.0,0.5999575
guy3_warrior086.jpg,144.0,156.0,0.53439915,146.0,152.0,0.4122243,139.0,152.0,0.4481732,158.0,140.0,0.5516959,143.0,140.0,0.3237132,182.0,140.0,0.45750725,155.0,128.0,0.45874503,212.0,131.0,0.15187396,175.0,124.0,0.11963164,212.0,136.0,0.21563329,204.0,121.0,0.20447369,208.0,139.0,0.45568454,193.0,139.0,0.1711862,196.0,202.0,0.44354743,192.0,194.0,0.29509676,188.0,256.0,0.52329874,189.0,255.0,0.2202449
guy3_warrior089.jpg,140.0,151.0,0.46221492,142.0,146.0,0.550902,134.0,147.0,0.49531385,155.0,133.0,0.689058,133.0,138.0,0.15696643,182.0,138.0,0.33122438,140.0,132.0,0.3309037,233.0,139.0,0.5571368,118.0,129.0,0.18831219,199.0,159.0,0.52056813,116.0,132.0,0.2528531,217.0,132.0,0.26417336,188.0,132.0,0.23011923,196.0,201.0,0.48519728,194.0,201.0,0.37089252,191.0,255.0,0.5088426,191.0,255.0,0.31961337
guy3_warrior090.jpg,141.0,149.0,0.551643,143.0,144.0,0.57329136,134.0,145.0,0.3880912,155.0,130.0,0.6926073,134.0,137.0,0.2970379,179.0,136.0,0.36087814,142.0,131.0,0.35886356,229.0,141.0,0.5537021,112.0,131.0,0.51031804,197.0,162.0,0.5124575,130.0,153.0,0.30442393,214.0,144.0,0.31188124,189.0,147.0,0.2960771,198.0,202.0,0.49359974,193.0,203.0,0.43324026,192.0,255.0,0.49494952,192.0,255.0,0.4975934
guy3_warrior090_flipped.jpg,160.0,151.0,0.55940545,166.0,146.0,0.39622283,159.0,145.0,0.4097939,167.0,138.0,0.35043362,147.0,132.0,0.44247282,159.0,135.0,0.38864678,121.0,136.0,0.38711822,188.0,130.0,0.37784168,68.0,141.0,0.69031453,172.0,148.0,0.27540517,101.0,160.0,0.32579368,110.0,145.0,0.21568227,86.0,143.0,0.28983408,105.0,198.0,0.2471923,102.0,201.0,0.7232225,101.0,167.0,0.22783998,108.0,256.0,0.85630727
guy3_warrior091.jpg,138.0,147.0,0.5937283,141.0,142.0,0.47758555,133.0,141.0,0.53288984,153.0,129.0,0.63749284,132.0,131.0,0.28326452,179.0,131.0,0.43169087,135.0,125.0,0.30254772,229.0,142.0,0.5990963,108.0,129.0,0.5693456,194.0,164.0,0.6842307,128.0,154.0,0.25037444,213.0,140.0,0.50236726,187.0,141.0,0.42475915,198.0,201.0,0.46262997,195.0,199.0,0.20948076,192.0,255.0,0.655029,194.0,253.0,0.3624725
guy3_warrior091_flipped.jpg,161.0,149.0,0.4809851,167.0,142.0,0.47403255,159.0,141.0,0.57411355,166.0,131.0,0.49611366,147.0,129.0,0.6749421,162.0,122.0,0.42785382,118.0,128.0,0.5890957,194.0,128.0,0.63973844,69.0,140.0,0.8485675,169.0,157.0,0.61509657,104.0,165.0,0.46409154,105.0,129.0,0.6127155,84.0,133.0,0.6792546,103.0,197.0,0.3328999,102.0,198.0,0.6639025,102.0,171.0,0.24914312,108.0,254.0,0.91176945
guy3_warrior092.jpg,135.0,145.0,0.5644275,139.0,139.0,0.73037523,130.0,140.0,0.5059751,153.0,127.0,0.7159827,131.0,130.0,0.33765346,175.0,129.0,0.3448967,135.0,123.0,0.25592026,226.0,141.0,0.37913755,105.0,128.0,0.37158906,191.0,164.0,0.5695848,123.0,156.0,0.38969645,212.0,135.0,0.48238283,187.0,136.0,0.3806219,199.0,199.0,0.35407242,195.0,195.0,0.27108297,193.0,254.0,0.6515672,231.0,109.0,0.3291329
guy3_warrior092_flipped.jpg,161.0,145.0,0.6227939,167.0,140.0,0.46607414,159.0,139.0,0.5114449,166.0,129.0,0.60023975,148.0,127.0,0.59762,163.0,122.0,0.55054533,119.0,127.0,0.6321707,199.0,126.0,0.6349814,72.0,140.0,0.85819656,177.0,156.0,0.6460865,111.0,168.0,0.46721378,111.0,132.0,0.48686603,87.0,134.0,0.5845001,103.0,196.0,0.21364737,101.0,197.0,0.6062319,70.0,107.0,0.58234,106.0,254.0,0.86009157
guy3_warrior093.jpg,133.0,143.0,0.50619316,137.0,137.0,0.55258,128.0,137.0,0.48133925,151.0,125.0,0.6428307,128.0,127.0,0.39593568,176.0,125.0,0.49556348,128.0,122.0,0.37517914,220.0,142.0,0.4792875,101.0,125.0,0.48195985,186.0,167.0,0.64611924,118.0,155.0,0.42832145,211.0,133.0,0.5435086,186.0,130.0,0.3562576,199.0,199.0,0.63768756,187.0,167.0,0.11071632,193.0,255.0,0.7993485,229.0,110.0,0.5659759
guy3_warrior093_flipped.jpg,162.0,144.0,0.6753157,168.0,139.0,0.58783567,162.0,137.0,0.5206553,165.0,128.0,0.47243825,149.0,126.0,0.56484854,161.0,120.0,0.60961217,122.0,126.0,0.55653036,201.0,125.0,0.6990067,78.0,140.0,0.802516,180.0,158.0,0.704604,114.0,170.0,0.41271755,114.0,130.0,0.35476804,90.0,130.0,0.50395715,102.0,196.0,0.23120064,101.0,197.0,0.5596373,106.0,252.0,0.31989452,106.0,254.0,0.62238777
guy3_warrior094.jpg,132.0,141.0,0.6285763,136.0,135.0,0.4983389,128.0,136.0,0.61568034,149.0,121.0,0.55076575,129.0,125.0,0.4039244,177.0,126.0,0.43174955,129.0,118.0,0.36315763,216.0,139.0,0.47732773,95.0,124.0,0.6766665,183.0,168.0,0.48402792,113.0,156.0,0.33297628,209.0,139.0,0.4705818,179.0,134.0,0.4066738,198.0,197.0,0.5411713,193.0,195.0,0.3084103,193.0,257.0,0.7356487,194.0,253.0,0.2446167
guy3_warrior094_flipped.jpg,164.0,142.0,0.4865512,169.0,136.0,0.57719016,163.0,135.0,0.7384063,167.0,124.0,0.5984353,150.0,124.0,0.6793405,166.0,116.0,0.5605527,121.0,123.0,0.6854663,204.0,121.0,0.77399623,80.0,139.0,0.7708121,187.0,155.0,0.7459538,116.0,171.0,0.5868814,117.0,132.0,0.49591818,93.0,132.0,0.66338956,101.0,194.0,0.2574879,101.0,197.0,0.5119122,66.0,106.0,0.5995888,105.0,255.0,0.7336701
guy3_warrior095.jpg,131.0,140.0,0.56686985,135.0,133.0,0.7111094,126.0,134.0,0.5769726,148.0,118.0,0.6563407,127.0,122.0,0.51181597,177.0,124.0,0.5280184,126.0,117.0,0.6389145,212.0,136.0,0.709821,94.0,122.0,0.7236885,182.0,168.0,0.57818246,106.0,156.0,0.5653198,207.0,132.0,0.46306142,176.0,125.0,0.32730588,199.0,197.0,0.71030724,195.0,191.0,0.27288005,193.0,256.0,0.734875,236.0,107.0,0.57963336
guy3_warrior095_flipped.jpg,167.0,140.0,0.48580706,172.0,135.0,0.5727547,166.0,133.0,0.805812,167.0,124.0,0.61151564,152.0,121.0,0.65554035,161.0,116.0,0.6569458,124.0,122.0,0.68644845,204.0,119.0,0.83453715,86.0,136.0,0.8481455,192.0,156.0,0.6888428,118.0,169.0,0.5478047,116.0,130.0,0.5007477,91.0,130.0,0.72597194,83.0,116.0,0.4520121,101.0,195.0,0.5620549,62.0,104.0,0.7163433,105.0,255.0,0.8661083
guy3_warrior096.jpg,129.0,139.0,0.7453419,133.0,131.0,0.68577117,124.0,132.0,0.7370082,148.0,118.0,0.7412462,126.0,120.0,0.39416033,174.0,122.0,0.6616665,126.0,113.0,0.51932347,206.0,133.0,0.7029394,92.0,119.0,0.7687878,175.0,170.0,0.54134154,99.0,151.0,0.5766674,204.0,132.0,0.48990723,176.0,124.0,0.34829065,199.0,195.0,0.77256703,220.0,117.0,0.29819787,193.0,255.0,0.8141644,238.0,108.0,0.7471502
guy3_warrior096_flipped.jpg,169.0,137.0,0.63450164,173.0,132.0,0.574052,167.0,131.0,0.7693126,169.0,121.0,0.5567298,152.0,119.0,0.7808492,166.0,115.0,0.56107557,126.0,119.0,0.73662114,208.0,117.0,0.84992146,92.0,133.0,0.737822,200.0,153.0,0.61837566,126.0,171.0,0.49812353,118.0,135.0,0.5429649,93.0,134.0,0.6530622,89.0,127.0,0.5139874,100.0,197.0,0.7667715,62.0,106.0,0.7512554,105.0,254.0,0.8374542
guy3_warrior097.jpg,128.0,136.0,0.7481747,131.0,129.0,0.74879014,123.0,131.0,0.5860909,145.0,114.0,0.84945214,126.0,118.0,0.556468,171.0,121.0,0.5419133,129.0,111.0,0.42029676,200.0,133.0,0.67943597,92.0,118.0,0.8254726,168.0,170.0,0.44779068,92.0,152.0,0.7676879,207.0,131.0,0.5449927,186.0,123.0,0.39295,199.0,194.0,0.82457024,220.0,118.0,0.3777385,194.0,254.0,0.7679464,240.0,108.0,0.7438662
guy3_warrior097_flipped.jpg,170.0,135.0,0.7361881,175.0,130.0,0.6332745,168.0,129.0,0.53183055,169.0,119.0,0.48033774,154.0,117.0,0.7572962,170.0,114.0,0.65666974,128.0,117.0,0.7281109,209.0,116.0,0.78219146,94.0,132.0,0.5074495,206.0,152.0,0.7027159,130.0,169.0,0.5347296,119.0,136.0,0.47584426,95.0,134.0,0.7317302,93.0,129.0,0.4867445,100.0,198.0,0.80484223,58.0,106.0,0.7362936,104.0,255.0,0.8121403
guy3_warrior098.jpg,126.0,136.0,0.79924905,130.0,129.0,0.6784824,121.0,130.0,0.65621054,144.0,115.0,0.79003406,123.0,116.0,0.6305096,174.0,118.0,0.791324,126.0,115.0,0.5486351,197.0,134.0,0.78712755,89.0,119.0,0.68852216,162.0,169.0,0.62059,85.0,154.0,0.79221404,207.0,134.0,0.51886666,188.0,126.0,0.55579484,200.0,194.0,0.64151764,221.0,117.0,0.5908507,196.0,251.0,0.766819,241.0,108.0,0.7987944
guy3_warrior098_flipped.jpg,170.0,134.0,0.6193851,176.0,129.0,0.5071541,169.0,127.0,0.7289081,172.0,118.0,0.56000495,155.0,116.0,0.76711416,169.0,115.0,0.41487074,129.0,117.0,0.5470229,210.0,118.0,0.74601865,101.0,131.0,0.31636772,214.0,150.0,0.58987784,138.0,168.0,0.4179094,114.0,133.0,0.50182015,95.0,135.0,0.590623,98.0,129.0,0.3754339,99.0,196.0,0.6956755,59.0,108.0,0.76136416,104.0,254.0,0.79472625
guy3_warrior099.jpg,126.0,133.0,0.77783525,129.0,126.0,0.8316338,121.0,127.0,0.65378386,143.0,113.0,0.89815724,122.0,114.0,0.578421,173.0,117.0,0.6138154,126.0,110.0,0.5756954,187.0,134.0,0.6414033,87.0,117.0,0.44424063,154.0,165.0,0.71017224,77.0,150.0,0.5665739,205.0,132.0,0.7002789,191.0,123.0,0.514126,199.0,193.0,0.68129224,219.0,115.0,0.5940772,196.0,251.0,0.82212275,243.0,107.0,0.76280916
guy3_warrior099_flipped.jpg,173.0,132.0,0.6297244,177.0,127.0,0.5483446,170.0,126.0,0.6306079,174.0,118.0,0.4235083,156.0,114.0,0.5125628,173.0,113.0,0.43016496,127.0,117.0,0.5221186,213.0,118.0,0.7008265,113.0,133.0,0.40372154,223.0,149.0,0.6281297,147.0,165.0,0.37859175,112.0,130.0,0.5030679,93.0,132.0,0.62320113,100.0,127.0,0.42764142,99.0,196.0,0.69408727,55.0,107.0,0.7041658,103.0,253.0,0.7267951
guy3_warrior100.jpg,126.0,130.0,0.4957979,128.0,124.0,0.72444737,119.0,125.0,0.54614675,142.0,110.0,0.82781196,122.0,112.0,0.23523918,170.0,119.0,0.5687865,127.0,107.0,0.43734697,172.0,131.0,0.2974147,86.0,117.0,0.6558509,143.0,162.0,0.48661405,68.0,146.0,0.55430657,204.0,133.0,0.49823597,183.0,128.0,0.41191718,199.0,193.0,0.5887245,220.0,119.0,0.20092674,196.0,252.0,0.69755375,248.0,110.0,0.54806525
guy3_warrior100_flipped.jpg,173.0,131.0,0.64745504,178.0,126.0,0.49715197,170.0,125.0,0.7311881,174.0,115.0,0.6045582,156.0,113.0,0.6124534,172.0,110.0,0.48432907,128.0,116.0,0.5260744,214.0,118.0,0.76608086,126.0,132.0,0.3483107,231.0,144.0,0.79760027,155.0,161.0,0.6116121,107.0,131.0,0.52682936,92.0,131.0,0.7665621,103.0,188.0,0.36864358,99.0,194.0,0.60973525,57.0,107.0,0.55745745,103.0,253.0,0.6885576
guy3_warrior101_flipped.jpg,175.0,129.0,0.716676,180.0,124.0,0.68290883,173.0,123.0,0.6531867,176.0,113.0,0.4867485,158.0,112.0,0.5518676,170.0,109.0,0.42732188,133.0,115.0,0.4684099,217.0,117.0,0.5182908,135.0,130.0,0.382849,238.0,139.0,0.8148318,165.0,155.0,0.49900457,103.0,132.0,0.51103216,91.0,132.0,0.7008809,101.0,190.0,0.4891093,99.0,192.0,0.43946204,102.0,250.0,0.38108304,102.0,251.0,0.44092983
guy3_warrior102_flipped.jpg,175.0,128.0,0.78702223,180.0,123.0,0.7580276,174.0,122.0,0.7415521,174.0,111.0,0.5744437,160.0,110.0,0.7822108,168.0,108.0,0.5912509,132.0,111.0,0.61695385,217.0,115.0,0.6876328,138.0,125.0,0.34858584,244.0,132.0,0.6221242,172.0,147.0,0.6195395,103.0,132.0,0.66496104,89.0,130.0,0.7241851,101.0,188.0,0.40947673,99.0,190.0,0.34146145,101.0,249.0,0.47174823,102.0,250.0,0.49118453
guy3_warrior103.jpg,120.0,127.0,0.70961225,123.0,121.0,0.76918256,116.0,121.0,0.61642414,138.0,106.0,0.69118017,121.0,109.0,0.44017765,164.0,110.0,0.8049438,126.0,107.0,0.47591203,149.0,122.0,0.28651142,83.0,112.0,0.7057198,120.0,138.0,0.8208648,50.0,123.0,0.6719563,208.0,131.0,0.6299204,194.0,128.0,0.4534014,199.0,189.0,0.7386272,221.0,118.0,0.13097805,197.0,250.0,0.8477009,249.0,108.0,0.599754
guy3_warrior103_flipped.jpg,177.0,126.0,0.63488364,182.0,122.0,0.5254667,177.0,121.0,0.7134515,175.0,111.0,0.42498788,162.0,109.0,0.708744,168.0,106.0,0.5235423,133.0,110.0,0.6515749,214.0,112.0,0.6428052,137.0,118.0,0.3192823,249.0,123.0,0.8191745,179.0,140.0,0.6843653,104.0,130.0,0.5903427,89.0,129.0,0.6552132,101.0,186.0,0.34917453,99.0,190.0,0.44407707,101.0,249.0,0.46038646,101.0,250.0,0.51202315
guy3_warrior104.jpg,123.0,124.0,0.55274427,126.0,117.0,0.4468556,118.0,119.0,0.5531647,137.0,105.0,0.889459,123.0,107.0,0.4663432,164.0,108.0,0.7499223,127.0,107.0,0.69143045,157.0,114.0,0.25845763,80.0,108.0,0.6810441,116.0,130.0,0.79826796,45.0,119.0,0.63875663,208.0,131.0,0.53568614,197.0,129.0,0.4670132,199.0,188.0,0.73607695,227.0,118.0,0.12515274,197.0,249.0,0.8904142,252.0,106.0,0.57595026
guy3_warrior104_flipped.jpg,172.0,125.0,0.43141624,179.0,120.0,0.59586513,173.0,119.0,0.4846197,178.0,112.0,0.4320628,161.0,109.0,0.6452067,172.0,107.0,0.45441258,136.0,108.0,0.5798618,217.0,109.0,0.5471058,140.0,113.0,0.17059463,251.0,119.0,0.6072962,183.0,131.0,0.30765116,110.0,131.0,0.5916289,92.0,129.0,0.6571926,101.0,186.0,0.35074288,98.0,189.0,0.35681108,101.0,248.0,0.33903196,101.0,249.0,0.4110391
guy3_warrior105.jpg,119.0,120.0,0.47666174,121.0,114.0,0.3639495,115.0,115.0,0.53893816,133.0,104.0,0.72518754,120.0,105.0,0.4429673,162.0,108.0,0.60408294,123.0,103.0,0.67525494,145.0,112.0,0.20363449,82.0,106.0,0.81828636,110.0,120.0,0.8754495,41.0,116.0,0.72252166,208.0,130.0,0.5411997,200.0,126.0,0.46145013,199.0,186.0,0.6199731,234.0,110.0,0.2613006,197.0,247.0,0.85883105,254.0,106.0,0.6285261
guy3_warrior106.jpg,118.0,118.0,0.39796242,121.0,113.0,0.37140098,114.0,114.0,0.30342647,134.0,105.0,0.51307595,117.0,107.0,0.22501943,163.0,110.0,0.52051985,119.0,106.0,0.4260233,138.0,110.0,0.3341189,79.0,105.0,0.42979476,104.0,113.0,0.42198116,38.0,111.0,0.60956883,206.0,129.0,0.5259005,196.0,124.0,0.4789804,198.0,187.0,0.53429866,236.0,112.0,0.30659816,198.0,249.0,0.7823905,258.0,107.0,0.5636796
guy3_warrior107.jpg,117.0,116.0,0.42589208,121.0,112.0,0.41870067,114.0,113.0,0.34896496,133.0,104.0,0.45711628,118.0,105.0,0.22928602,161.0,110.0,0.47664726,121.0,105.0,0.38690084,136.0,108.0,0.37211853,79.0,104.0,0.30245647,102.0,107.0,0.3488913,37.0,105.0,0.60636586,208.0,127.0,0.56729424,197.0,123.0,0.37934119,199.0,187.0,0.5173844,238.0,110.0,0.34300634,198.0,248.0,0.71957964,258.0,106.0,0.5380819
guy3_warrior108.jpg,117.0,115.0,0.44423452,121.0,111.0,0.38441193,114.0,112.0,0.30354947,132.0,103.0,0.5682589,117.0,103.0,0.2235922,160.0,110.0,0.432711,119.0,102.0,0.40708846,136.0,107.0,0.35410753,77.0,100.0,0.41927806,100.0,105.0,0.43906024,39.0,102.0,0.5470264,207.0,128.0,0.5761663,197.0,124.0,0.43351483,199.0,186.0,0.5784105,236.0,110.0,0.39834836,199.0,249.0,0.7761336,260.0,108.0,0.5318656
guy3_warrior109.jpg,116.0,115.0,0.45589116,120.0,111.0,0.48377985,113.0,111.0,0.3864874,131.0,102.0,0.57074773,116.0,102.0,0.18675958,159.0,109.0,0.47109643,119.0,101.0,0.4367431,134.0,107.0,0.25986856,80.0,101.0,0.28343442,98.0,104.0,0.43689346,41.0,100.0,0.6382056,207.0,127.0,0.6003297,199.0,123.0,0.4520237,200.0,186.0,0.59373283,236.0,109.0,0.2713672,200.0,249.0,0.75092757,262.0,105.0,0.6357568
guy3_warrior110.jpg,116.0,116.0,0.48767927,120.0,112.0,0.59797746,112.0,112.0,0.33267125,131.0,102.0,0.6478983,116.0,102.0,0.25387645,160.0,108.0,0.53463566,119.0,102.0,0.4977387,134.0,106.0,0.15946554,80.0,101.0,0.3187946,98.0,102.0,0.41762108,41.0,100.0,0.6276184,207.0,127.0,0.4860345,198.0,123.0,0.38763478,200.0,186.0,0.689119,236.0,111.0,0.40298313,200.0,247.0,0.8665911,262.0,108.0,0.63189644
guy3_warrior111.jpg,117.0,116.0,0.5083927,119.0,111.0,0.61278754,112.0,112.0,0.39610675,130.0,100.0,0.60496426,117.0,102.0,0.24196467,158.0,106.0,0.60371006,120.0,101.0,0.5136858,131.0,105.0,0.19964072,83.0,101.0,0.28771925,96.0,101.0,0.53686553,40.0,98.0,0.5265812,208.0,127.0,0.4875666,201.0,122.0,0.46072623,200.0,186.0,0.6900567,239.0,110.0,0.36865008,200.0,247.0,0.88510627,266.0,107.0,0.6640238
guy3_warrior111_flipped.jpg,180.0,115.0,0.5511116,186.0,110.0,0.47777238,179.0,110.0,0.58538014,183.0,104.0,0.36337787,168.0,101.0,0.510581,176.0,104.0,0.40455434,142.0,105.0,0.44076416,208.0,102.0,0.3117826,168.0,103.0,0.16059072,259.0,99.0,0.585134,201.0,100.0,0.2704449,106.0,124.0,0.49619782,94.0,122.0,0.7004622,99.0,185.0,0.47654793,67.0,114.0,0.22908384,99.0,246.0,0.5052409,35.0,104.0,0.33517492
guy3_warrior112.jpg,116.0,115.0,0.46298948,120.0,110.0,0.5556169,111.0,111.0,0.31281433,131.0,100.0,0.54058635,114.0,102.0,0.26467532,159.0,107.0,0.49950308,116.0,102.0,0.4361507,132.0,103.0,0.2275707,84.0,102.0,0.26489815,96.0,99.0,0.44961727,40.0,100.0,0.5781585,208.0,127.0,0.4530413,200.0,122.0,0.40667343,200.0,184.0,0.7208539,240.0,110.0,0.31682742,199.0,245.0,0.8653454,267.0,108.0,0.5825045
guy3_warrior112_flipped.jpg,182.0,113.0,0.477082,187.0,109.0,0.48277888,181.0,108.0,0.48144478,183.0,103.0,0.26285586,171.0,100.0,0.5905398,177.0,104.0,0.5546973,143.0,106.0,0.52530444,204.0,100.0,0.3423407,168.0,103.0,0.14489147,259.0,99.0,0.4879535,202.0,99.0,0.29270726,107.0,125.0,0.47434774,95.0,122.0,0.6484655,99.0,184.0,0.5373316,64.0,113.0,0.19210835,99.0,245.0,0.5750299,32.0,105.0,0.42331034
guy3_warrior113.jpg,116.0,117.0,0.48962158,119.0,111.0,0.61995363,111.0,112.0,0.37844738,130.0,100.0,0.60880136,115.0,102.0,0.423603,159.0,104.0,0.6844313,118.0,100.0,0.5260792,131.0,101.0,0.39796826,80.0,102.0,0.26983553,94.0,99.0,0.42545098,39.0,99.0,0.5403827,210.0,128.0,0.67966425,202.0,123.0,0.51914674,202.0,185.0,0.7560553,240.0,111.0,0.47134516,201.0,244.0,0.86469674,268.0,109.0,0.73161453
guy3_warrior113_flipped.jpg,181.0,114.0,0.4094191,187.0,109.0,0.5412067,180.0,108.0,0.51637113,185.0,102.0,0.24989931,169.0,99.0,0.5206704,177.0,102.0,0.515445,142.0,105.0,0.47673655,204.0,99.0,0.27522916,170.0,102.0,0.154153,260.0,98.0,0.4310884,203.0,99.0,0.30834806,108.0,126.0,0.48597452,94.0,123.0,0.6422261,99.0,184.0,0.49782044,57.0,111.0,0.29714304,97.0,245.0,0.5187544,32.0,106.0,0.4691383
guy3_warrior114.jpg,115.0,115.0,0.57391775,117.0,109.0,0.46432424,112.0,111.0,0.5053483,130.0,99.0,0.4348203,116.0,102.0,0.30025914,157.0,105.0,0.5037185,122.0,103.0,0.38119197,130.0,104.0,0.25195253,89.0,99.0,0.19910136,93.0,98.0,0.32938355,43.0,98.0,0.4479989,209.0,127.0,0.55249584,201.0,122.0,0.48296517,201.0,184.0,0.73063076,242.0,112.0,0.46049628,201.0,245.0,0.8571993,269.0,109.0,0.7072141
guy3_warrior114_flipped.jpg,183.0,112.0,0.49109426,188.0,107.0,0.3999503,183.0,107.0,0.40371236,184.0,101.0,0.35360894,172.0,99.0,0.5172001,175.0,102.0,0.5308974,143.0,105.0,0.57351255,202.0,100.0,0.27872574,172.0,102.0,0.24096142,260.0,99.0,0.29664388,205.0,97.0,0.27838978,107.0,126.0,0.5054882,94.0,121.0,0.6016354,99.0,184.0,0.65437055,55.0,110.0,0.2633174,97.0,245.0,0.5731679,31.0,106.0,0.41321594
guy3_warrior115.jpg,115.0,113.0,0.5503317,117.0,108.0,0.39118543,112.0,109.0,0.49656144,129.0,98.0,0.4623626,116.0,101.0,0.26743475,156.0,104.0,0.60411114,122.0,102.0,0.39731008,129.0,102.0,0.287935,88.0,98.0,0.31034777,92.0,97.0,0.4613405,43.0,98.0,0.5070137,210.0,127.0,0.68660474,203.0,122.0,0.53675056,202.0,184.0,0.7328697,242.0,113.0,0.46852282,202.0,243.0,0.885062,271.0,109.0,0.690878
guy3_warrior115_flipped.jpg,183.0,112.0,0.54695034,186.0,108.0,0.6173189,182.0,106.0,0.58833027,179.0,99.0,0.5387597,172.0,97.0,0.6661207,169.0,97.0,0.6542706,144.0,103.0,0.7107244,177.0,95.0,0.3077414,171.0,99.0,0.44226962,207.0,97.0,0.4531421,207.0,97.0,0.5202324,101.0,121.0,0.878743,88.0,123.0,0.86472356,72.0,118.0,0.542262,95.0,184.0,0.61366045,31.0,105.0,0.47420266,97.0,244.0,0.72838104
guy3_warrior116.jpg,114.0,114.0,0.57522947,116.0,109.0,0.5753977,111.0,110.0,0.6095364,131.0,100.0,0.54703665,118.0,101.0,0.3330105,156.0,103.0,0.6019491,127.0,103.0,0.3076622,126.0,100.0,0.4514389,105.0,98.0,0.17856479,90.0,97.0,0.57754654,85.0,96.0,0.25565165,211.0,127.0,0.62077,204.0,121.0,0.5485848,203.0,184.0,0.7251106,243.0,112.0,0.42475206,203.0,243.0,0.87749815,272.0,109.0,0.624157
guy3_warrior116_flipped.jpg,182.0,113.0,0.5725244,186.0,108.0,0.5626799,182.0,107.0,0.47220537,179.0,100.0,0.46486247,172.0,97.0,0.4047243,171.0,96.0,0.6564016,146.0,102.0,0.72189856,192.0,94.0,0.2889801,174.0,98.0,0.3481388,207.0,96.0,0.5538394,208.0,96.0,0.29038605,102.0,119.0,0.80273104,89.0,123.0,0.795601,70.0,116.0,0.58220315,95.0,183.0,0.6924975,29.0,105.0,0.5739682,97.0,244.0,0.7914498
guy3_warrior117.jpg,114.0,113.0,0.6421913,117.0,108.0,0.51604223,111.0,109.0,0.69345367,131.0,98.0,0.61164606,117.0,100.0,0.40879062,157.0,103.0,0.6577843,125.0,102.0,0.48079222,126.0,101.0,0.39988387,106.0,98.0,0.19401821,88.0,96.0,0.65316176,85.0,95.0,0.3317355,210.0,126.0,0.66391337,202.0,120.0,0.62460315,203.0,183.0,0.6070459,242.0,113.0,0.55685306,203.0,242.0,0.92180574,273.0,109.0,0.6799153
guy3_warrior117_flipped.jpg,183.0,113.0,0.5797022,186.0,108.0,0.49187732,182.0,108.0,0.6990262,179.0,100.0,0.63290536,171.0,97.0,0.6001731,171.0,98.0,0.47089332,145.0,102.0,0.7294557,192.0,98.0,0.38123333,173.0,100.0,0.37312117,209.0,97.0,0.49760178,209.0,96.0,0.21459876,101.0,121.0,0.7277373,88.0,124.0,0.83533436,73.0,118.0,0.4403407,94.0,183.0,0.51303065,28.0,106.0,0.38086075,96.0,244.0,0.8333429
guy3_warrior118.jpg,115.0,113.0,0.6492121,118.0,108.0,0.5194881,112.0,108.0,0.64305043,131.0,97.0,0.6482746,117.0,99.0,0.4793809,156.0,102.0,0.63544965,124.0,98.0,0.38794798,122.0,98.0,0.49029037,104.0,95.0,0.28632832,85.0,95.0,0.66907585,82.0,94.0,0.38433495,210.0,127.0,0.7051579,204.0,120.0,0.48667568,203.0,184.0,0.74684244,246.0,112.0,0.56415963,204.0,243.0,0.902394,276.0,110.0,0.74159265
guy3_warrior118_flipped.jpg,182.0,113.0,0.58603966,185.0,109.0,0.634797,182.0,107.0,0.64845854,178.0,99.0,0.5809994,172.0,96.0,0.5911208,169.0,97.0,0.7053813,145.0,101.0,0.5927149,182.0,95.0,0.40858257,175.0,98.0,0.49689314,211.0,96.0,0.42148134,211.0,96.0,0.41474766,100.0,121.0,0.86987495,88.0,124.0,0.8242009,62.0,114.0,0.6027676,95.0,183.0,0.6535185,28.0,106.0,0.49186373,96.0,243.0,0.6315761
guy3_warrior119.jpg,116.0,113.0,0.5772465,118.0,108.0,0.43112597,112.0,109.0,0.4018398,129.0,97.0,0.4489706,118.0,99.0,0.4705844,156.0,103.0,0.5522555,127.0,99.0,0.2877402,122.0,97.0,0.39751706,100.0,95.0,0.28478828,85.0,93.0,0.5576827,83.0,92.0,0.39517498,211.0,127.0,0.65996367,205.0,122.0,0.5646827,203.0,183.0,0.72076917,249.0,112.0,0.44878766,204.0,242.0,0.907456,278.0,111.0,0.6937249
guy3_warrior119_flipped.jpg,183.0,113.0,0.5952507,186.0,108.0,0.5021372,182.0,108.0,0.6640917,178.0,100.0,0.5930047,171.0,97.0,0.6254602,169.0,100.0,0.59055007,146.0,100.0,0.78139675,184.0,96.0,0.23860495,175.0,97.0,0.6115783,212.0,95.0,0.34014487,211.0,94.0,0.39858055,99.0,121.0,0.8125051,88.0,124.0,0.85053086,94.0,179.0,0.3408657,95.0,182.0,0.46406797,25.0,106.0,0.44885513,95.0,243.0,0.51908314
guy3_warrior120.jpg,118.0,114.0,0.5835432,119.0,108.0,0.53851354,113.0,109.0,0.5337425,131.0,98.0,0.503917,119.0,101.0,0.31532893,156.0,103.0,0.46529418,128.0,99.0,0.22092794,121.0,96.0,0.37147173,104.0,94.0,0.28060037,86.0,93.0,0.45539778,84.0,93.0,0.32001978,209.0,128.0,0.53929794,202.0,122.0,0.5246403,203.0,184.0,0.7079687,247.0,112.0,0.41022423,205.0,243.0,0.8747814,277.0,108.0,0.5792315
guy3_warrior120_flipped.jpg,181.0,113.0,0.57491827,185.0,108.0,0.67074853,181.0,107.0,0.6235988,179.0,99.0,0.5732268,171.0,96.0,0.6162685,166.0,100.0,0.51160556,149.0,99.0,0.614097,183.0,96.0,0.250958,175.0,96.0,0.5502349,210.0,93.0,0.32842135,211.0,92.0,0.41809407,99.0,121.0,0.73237956,89.0,124.0,0.80573237,65.0,117.0,0.4020147,95.0,182.0,0.37430456,28.0,105.0,0.40926656,95.0,243.0,0.57023513
guy3_warrior121.jpg,117.0,114.0,0.5715766,119.0,109.0,0.57841897,113.0,109.0,0.5663909,130.0,98.0,0.5196897,119.0,102.0,0.35689354,156.0,103.0,0.56922567,129.0,99.0,0.21251662,121.0,96.0,0.50695586,101.0,96.0,0.34654176,86.0,92.0,0.6276793,83.0,92.0,0.37635493,212.0,127.0,0.6532158,204.0,122.0,0.38338867,204.0,184.0,0.74635005,246.0,115.0,0.3696747,205.0,241.0,0.86369836,278.0,108.0,0.46326643
guy3_warrior121_flipped.jpg,182.0,114.0,0.6571711,185.0,108.0,0.5378783,181.0,108.0,0.7275815,176.0,99.0,0.62861776,171.0,97.0,0.70689154,167.0,98.0,0.7337477,147.0,99.0,0.79248005,180.0,97.0,0.2215807,172.0,98.0,0.6286877,209.0,95.0,0.35131168,208.0,94.0,0.603348,99.0,121.0,0.7936063,89.0,124.0,0.90806186,61.0,116.0,0.5856017,94.0,182.0,0.43094254,29.0,105.0,0.4715217,94.0,243.0,0.73805916
guy3_warrior122.jpg,117.0,114.0,0.52743226,118.0,109.0,0.53902435,113.0,109.0,0.53050774,130.0,98.0,0.4786765,119.0,102.0,0.35441035,155.0,105.0,0.527709,126.0,101.0,0.32976416,121.0,96.0,0.47905052,100.0,97.0,0.36070102,84.0,91.0,0.5128771,80.0,91.0,0.38557065,213.0,127.0,0.6031274,206.0,123.0,0.42023724,204.0,183.0,0.5123262,248.0,115.0,0.36403877,205.0,241.0,0.8322438,279.0,110.0,0.5569998
guy3_warrior122_flipped.jpg,182.0,114.0,0.5447099,185.0,110.0,0.5757866,182.0,109.0,0.55247664,178.0,100.0,0.54554904,171.0,98.0,0.6399494,168.0,100.0,0.44669127,149.0,99.0,0.70830965,188.0,103.0,0.12979712,174.0,97.0,0.5454246,209.0,94.0,0.25985965,210.0,93.0,0.47099033,100.0,123.0,0.7084464,89.0,124.0,0.7407515,95.0,180.0,0.39811844,94.0,182.0,0.26387376,93.0,243.0,0.32394293,94.0,243.0,0.3949694
guy3_warrior123.jpg,117.0,116.0,0.48948926,118.0,110.0,0.5239538,113.0,112.0,0.511132,130.0,100.0,0.58523166,119.0,102.0,0.39657333,154.0,104.0,0.54572105,129.0,103.0,0.27627993,120.0,96.0,0.57184863,100.0,97.0,0.29130018,83.0,91.0,0.7099197,80.0,91.0,0.36216033,212.0,127.0,0.62783235,206.0,123.0,0.44405553,204.0,184.0,0.7158592,245.0,116.0,0.43848816,206.0,242.0,0.87224984,280.0,110.0,0.61667913
guy3_warrior123_flipped.jpg,182.0,115.0,0.63412,185.0,110.0,0.4940633,182.0,110.0,0.5650675,178.0,100.0,0.58601546,173.0,99.0,0.5434852,167.0,98.0,0.6982292,151.0,98.0,0.60961837,189.0,95.0,0.34647283,174.0,96.0,0.5206042,211.0,91.0,0.36706302,212.0,91.0,0.54969156,97.0,122.0,0.6963086,90.0,125.0,0.8216016,54.0,116.0,0.47821373,93.0,183.0,0.49241808,24.0,108.0,0.4786057,94.0,242.0,0.5064336
guy3_warrior124.jpg,117.0,115.0,0.5054902,118.0,110.0,0.49511012,113.0,111.0,0.5506569,130.0,100.0,0.5768349,120.0,102.0,0.42694956,152.0,104.0,0.42362678,129.0,103.0,0.28583288,116.0,96.0,0.52528775,96.0,101.0,0.2691262,85.0,90.0,0.5905942,55.0,95.0,0.49648386,211.0,128.0,0.57964385,208.0,123.0,0.43746084,203.0,184.0,0.69905794,245.0,116.0,0.4417081,206.0,242.0,0.8712194,282.0,113.0,0.5670507
guy3_warrior124_flipped.jpg,181.0,114.0,0.64032674,184.0,110.0,0.7165792,182.0,109.0,0.65973985,177.0,98.0,0.5110513,172.0,96.0,0.56939656,167.0,97.0,0.71146655,151.0,96.0,0.7027564,192.0,95.0,0.3269845,175.0,95.0,0.5842844,212.0,90.0,0.4297701,212.0,89.0,0.54635847,98.0,123.0,0.5910362,90.0,125.0,0.8606929,50.0,114.0,0.6058663,94.0,184.0,0.6164503,22.0,108.0,0.44873232,93.0,243.0,0.5717354
guy3_warrior125.jpg,117.0,117.0,0.44271654,118.0,111.0,0.44780612,114.0,112.0,0.4955792,129.0,102.0,0.5996882,119.0,103.0,0.49454847,151.0,104.0,0.4903217,131.0,104.0,0.27910203,116.0,95.0,0.4889492,91.0,101.0,0.45377395,85.0,87.0,0.63520026,54.0,95.0,0.6462467,210.0,128.0,0.60401535,208.0,122.0,0.5357217,204.0,185.0,0.7197671,245.0,116.0,0.43828458,206.0,242.0,0.9124984,282.0,112.0,0.58104885
guy3_warrior125_flipped.jpg,181.0,115.0,0.6445193,184.0,111.0,0.66865414,182.0,110.0,0.62715805,177.0,99.0,0.61024964,173.0,98.0,0.62185824,168.0,98.0,0.7344184,152.0,99.0,0.69000244,196.0,99.0,0.49866563,177.0,96.0,0.6760715,215.0,92.0,0.4138654,212.0,87.0,0.64847434,96.0,122.0,0.7709477,89.0,126.0,0.6386647,55.0,116.0,0.650766,93.0,186.0,0.7342855,21.0,108.0,0.36518505,93.0,244.0,0.6976239
guy3_warrior126.jpg,116.0,117.0,0.45984498,117.0,113.0,0.45765528,113.0,114.0,0.51295173,127.0,102.0,0.5769824,119.0,104.0,0.50665706,151.0,103.0,0.4665876,130.0,107.0,0.38049516,116.0,95.0,0.5005031,92.0,103.0,0.4168597,84.0,85.0,0.5468571,54.0,96.0,0.740407,211.0,128.0,0.579012,208.0,124.0,0.52718854,204.0,185.0,0.7245745,247.0,117.0,0.42331105,206.0,244.0,0.8587215,283.0,112.0,0.591575
guy3_warrior126_flipped.jpg,180.0,116.0,0.5462944,185.0,112.0,0.45864594,182.0,111.0,0.444776,181.0,104.0,0.4451308,172.0,102.0,0.3904719,171.0,103.0,0.57787323,147.0,103.0,0.4918531,199.0,102.0,0.4076238,178.0,97.0,0.53391886,239.0,96.0,0.30080795,214.0,86.0,0.43543687,101.0,125.0,0.5060842,89.0,122.0,0.61192894,96.0,183.0,0.4869128,44.0,116.0,0.20023344,93.0,242.0,0.41862476,16.0,111.0,0.32947412
guy3_warrior127.jpg,117.0,117.0,0.47682223,117.0,113.0,0.50052595,112.0,113.0,0.45717025,130.0,103.0,0.5600035,119.0,103.0,0.34959573,153.0,106.0,0.51592875,131.0,107.0,0.40887544,122.0,97.0,0.43823734,92.0,103.0,0.355626,86.0,86.0,0.70372534,53.0,95.0,0.5616785,211.0,129.0,0.5590765,208.0,125.0,0.5256446,204.0,186.0,0.7027943,248.0,117.0,0.4221929,206.0,244.0,0.8507916,286.0,112.0,0.50690776
guy3_warrior127_flipped.jpg,183.0,115.0,0.51416665,188.0,112.0,0.57989323,185.0,110.0,0.5934494,181.0,104.0,0.39564118,174.0,101.0,0.51173127,171.0,104.0,0.64703953,148.0,103.0,0.5092553,202.0,104.0,0.441289,178.0,97.0,0.52307856,243.0,97.0,0.50352824,213.0,84.0,0.32992747,101.0,125.0,0.50212127,90.0,123.0,0.6489079,96.0,184.0,0.4798477,44.0,116.0,0.17623675,93.0,243.0,0.4005846,15.0,108.0,0.397767
guy3_warrior128.jpg,116.0,118.0,0.60380054,116.0,114.0,0.57419723,112.0,114.0,0.48697466,128.0,105.0,0.589051,119.0,106.0,0.51588356,154.0,107.0,0.5302605,130.0,107.0,0.42411464,121.0,98.0,0.31173167,92.0,100.0,0.2958219,84.0,85.0,0.48786563,52.0,95.0,0.5169518,211.0,129.0,0.57196665,207.0,123.0,0.49524868,204.0,185.0,0.6982851,248.0,117.0,0.39295188,205.0,245.0,0.79456085,282.0,113.0,0.5294769
guy3_warrior128_flipped.jpg,182.0,118.0,0.54303426,186.0,114.0,0.5479981,183.0,112.0,0.49396893,180.0,106.0,0.42574275,173.0,102.0,0.39025858,168.0,104.0,0.58294123,143.0,106.0,0.6150366,200.0,102.0,0.4343248,177.0,98.0,0.5180297,239.0,97.0,0.33142748,213.0,85.0,0.27580673,99.0,124.0,0.5804317,91.0,127.0,0.5329368,63.0,122.0,0.33302963,96.0,186.0,0.39989942,17.0,110.0,0.30338624,93.0,244.0,0.38047603
guy3_warrior129.jpg,113.0,118.0,0.5824411,114.0,113.0,0.5896951,110.0,114.0,0.67776203,125.0,104.0,0.49837828,116.0,106.0,0.37720042,150.0,107.0,0.4802768,127.0,108.0,0.37127498,109.0,95.0,0.1811797,92.0,102.0,0.40281603,80.0,81.0,0.42616874,53.0,96.0,0.5103003,211.0,129.0,0.53752756,208.0,122.0,0.45606408,204.0,186.0,0.6649,248.0,117.0,0.40824008,205.0,245.0,0.78886604,285.0,115.0,0.55700594
guy3_warrior129_flipped.jpg,181.0,119.0,0.495703,186.0,114.0,0.53010666,183.0,114.0,0.5368382,179.0,107.0,0.25458357,174.0,104.0,0.43327036,165.0,106.0,0.5447358,146.0,106.0,0.41966215,199.0,103.0,0.36694542,177.0,99.0,0.56512773,242.0,97.0,0.38210696,218.0,82.0,0.34565964,98.0,126.0,0.44810683,92.0,126.0,0.43711576,63.0,121.0,0.2901861,42.0,115.0,0.14596899,94.0,243.0,0.3665395,14.0,112.0,0.32884982
guy3_warrior130.jpg,114.0,121.0,0.57073677,114.0,116.0,0.6493113,111.0,116.0,0.6090038,126.0,106.0,0.54334366,118.0,107.0,0.46291122,151.0,109.0,0.48527727,131.0,108.0,0.33109784,115.0,99.0,0.36185437,92.0,103.0,0.4350938,83.0,85.0,0.57752824,53.0,96.0,0.5280051,209.0,130.0,0.44544977,206.0,123.0,0.45528737,203.0,186.0,0.60689044,246.0,119.0,0.2962061,204.0,245.0,0.836689,284.0,117.0,0.5307409
guy3_warrior130_flipped.jpg,182.0,120.0,0.6374968,186.0,115.0,0.6194064,184.0,114.0,0.64845264,178.0,105.0,0.45523393,175.0,103.0,0.48304132,165.0,109.0,0.54858017,149.0,104.0,0.64206266,197.0,101.0,0.36324182,179.0,99.0,0.5326699,228.0,101.0,0.28854245,217.0,84.0,0.47028342,97.0,128.0,0.7017764,93.0,131.0,0.7650484,51.0,119.0,0.6513232,95.0,189.0,0.6223197,19.0,111.0,0.39216846,94.0,247.0,0.5498924
guy3_warrior131.jpg,112.0,121.0,0.5151868,113.0,116.0,0.55279076,109.0,116.0,0.5806134,126.0,106.0,0.6060616,116.0,107.0,0.349614,151.0,111.0,0.35195598,131.0,109.0,0.28486314,114.0,99.0,0.2352489,92.0,104.0,0.33877108,80.0,82.0,0.5367411,52.0,98.0,0.57681733,209.0,130.0,0.40448916,206.0,124.0,0.45326424,203.0,186.0,0.540435,247.0,120.0,0.36351946,204.0,245.0,0.827592,282.0,118.0,0.49784777
guy3_warrior131_flipped.jpg,182.0,121.0,0.6278205,185.0,117.0,0.56454253,184.0,116.0,0.64712846,178.0,106.0,0.47777367,175.0,105.0,0.5446315,163.0,107.0,0.7233723,152.0,106.0,0.4016365,187.0,102.0,0.2535637,180.0,101.0,0.6194233,214.0,90.0,0.21420747,217.0,86.0,0.57016575,95.0,127.0,0.8221962,93.0,132.0,0.72893715,52.0,120.0,0.7051494,95.0,189.0,0.79515076,18.0,113.0,0.55847406,94.0,247.0,0.78553444
guy3_warrior132.jpg,112.0,122.0,0.5354899,113.0,117.0,0.51461303,110.0,118.0,0.57015246,125.0,108.0,0.60055625,117.0,108.0,0.4490321,150.0,111.0,0.36916605,131.0,111.0,0.40121102,115.0,100.0,0.35795838,92.0,106.0,0.43897232,80.0,84.0,0.62388015,53.0,100.0,0.55056834,210.0,133.0,0.48402432,208.0,126.0,0.49840483,202.0,187.0,0.49857935,248.0,120.0,0.52096605,204.0,245.0,0.8261934,286.0,119.0,0.38020843
guy3_warrior132_flipped.jpg,187.0,120.0,0.51099336,190.0,117.0,0.51786476,187.0,115.0,0.5936593,183.0,110.0,0.4020954,177.0,107.0,0.3530412,168.0,109.0,0.57867295,154.0,109.0,0.43535843,195.0,104.0,0.4080836,182.0,102.0,0.4444173,241.0,97.0,0.24348748,220.0,86.0,0.34203914,100.0,130.0,0.41439432,96.0,133.0,0.50064874,60.0,124.0,0.36833903,98.0,188.0,0.25983825,95.0,244.0,0.40213934,18.0,116.0,0.26841968
guy3_warrior133.jpg,113.0,122.0,0.46686763,112.0,118.0,0.488149,108.0,118.0,0.5611278,124.0,108.0,0.51034963,116.0,110.0,0.3490158,150.0,111.0,0.4320219,128.0,110.0,0.44270366,119.0,104.0,0.2726552,91.0,106.0,0.36686018,79.0,84.0,0.6048252,52.0,100.0,0.62270916,210.0,134.0,0.52106476,206.0,127.0,0.5005084,202.0,189.0,0.69594264,249.0,121.0,0.56605446,204.0,246.0,0.87592536,284.0,118.0,0.4808516
guy3_warrior133_flipped.jpg,187.0,120.0,0.42278516,190.0,117.0,0.42078927,188.0,116.0,0.6341847,183.0,109.0,0.40705118,178.0,107.0,0.42654225,168.0,109.0,0.5755956,154.0,109.0,0.37093902,197.0,106.0,0.32603386,182.0,103.0,0.51178616,242.0,99.0,0.23996538,220.0,86.0,0.45321757,100.0,130.0,0.42548767,97.0,135.0,0.39961436,59.0,123.0,0.39278236,99.0,190.0,0.4090673,20.0,116.0,0.36194763,95.0,246.0,0.30916533
guy3_warrior134.jpg,112.0,123.0,0.58490443,111.0,117.0,0.556172,108.0,118.0,0.61523205,124.0,109.0,0.6378819,117.0,111.0,0.53911114,151.0,113.0,0.58277595,126.0,116.0,0.55673707,116.0,103.0,0.4312752,87.0,108.0,0.3941361,79.0,85.0,0.6914487,49.0,102.0,0.7019427,209.0,134.0,0.6421559,204.0,130.0,0.42983535,202.0,189.0,0.6811568,245.0,124.0,0.45781028,203.0,248.0,0.89324856,283.0,119.0,0.5255551
guy3_warrior134_flipped.jpg,189.0,121.0,0.5700539,192.0,116.0,0.46130994,190.0,117.0,0.57465047,184.0,110.0,0.44029015,180.0,108.0,0.46891442,172.0,110.0,0.5520016,155.0,110.0,0.4468695,205.0,108.0,0.37737235,183.0,104.0,0.43474817,246.0,103.0,0.432697,221.0,87.0,0.5589436,100.0,128.0,0.5740541,98.0,135.0,0.42023242,57.0,123.0,0.5670972,98.0,190.0,0.4493291,20.0,116.0,0.42671868,95.0,247.0,0.4537292
guy3_warrior135.jpg,111.0,125.0,0.5742223,112.0,119.0,0.57388234,108.0,120.0,0.6038083,123.0,110.0,0.66789675,114.0,113.0,0.49065518,151.0,114.0,0.5294626,125.0,118.0,0.42081708,117.0,104.0,0.54402125,87.0,110.0,0.4375766,78.0,86.0,0.5896114,49.0,103.0,0.5387587,209.0,136.0,0.57677746,203.0,132.0,0.46304297,201.0,190.0,0.6875548,243.0,125.0,0.51378167,202.0,248.0,0.86386406,284.0,122.0,0.52037704
guy3_warrior135_flipped.jpg,189.0,122.0,0.5996218,192.0,118.0,0.5935978,190.0,117.0,0.60238457,183.0,112.0,0.4426162,179.0,109.0,0.5284927,173.0,112.0,0.5088495,154.0,110.0,0.5036794,205.0,109.0,0.38272873,183.0,104.0,0.63583314,245.0,103.0,0.43328547,221.0,88.0,0.68759227,100.0,130.0,0.4273155,97.0,135.0,0.45120704,54.0,124.0,0.43981323,100.0,191.0,0.3794913,95.0,246.0,0.35594997,96.0,248.0,0.37085152
guy3_warrior136.jpg,111.0,126.0,0.57189476,112.0,121.0,0.58949447,108.0,122.0,0.62887156,124.0,112.0,0.74424076,116.0,113.0,0.6151818,150.0,114.0,0.6175424,126.0,118.0,0.46242148,113.0,104.0,0.48753905,89.0,112.0,0.44480693,77.0,86.0,0.8307133,51.0,103.0,0.6599285,208.0,138.0,0.5093492,204.0,132.0,0.5668529,200.0,192.0,0.65924114,244.0,125.0,0.52004015,202.0,249.0,0.8457074,282.0,122.0,0.5470795
guy3_warrior136_flipped.jpg,187.0,123.0,0.60740334,191.0,120.0,0.6078104,189.0,119.0,0.55466425,183.0,112.0,0.3617138,178.0,111.0,0.42796388,173.0,114.0,0.6441975,154.0,112.0,0.4612088,205.0,110.0,0.403141,184.0,105.0,0.45342866,245.0,103.0,0.4354878,222.0,88.0,0.6454602,103.0,131.0,0.45047468,98.0,136.0,0.45134526,59.0,127.0,0.30867094,100.0,191.0,0.31240416,96.0,246.0,0.3301957,97.0,248.0,0.40262568
guy3_warrior137.jpg,110.0,128.0,0.61912584,110.0,123.0,0.5636843,106.0,124.0,0.6697917,121.0,115.0,0.5261891,114.0,116.0,0.37041625,144.0,116.0,0.4640281,126.0,121.0,0.45520082,111.0,104.0,0.45453402,88.0,113.0,0.3819348,77.0,87.0,0.7004378,52.0,104.0,0.52894974,205.0,138.0,0.45780042,203.0,132.0,0.3881278,199.0,192.0,0.5435999,243.0,125.0,0.4534284,201.0,251.0,0.76616955,282.0,123.0,0.54370606
guy3_warrior137_flipped.jpg,189.0,126.0,0.6906272,191.0,121.0,0.61081094,190.0,120.0,0.45132825,182.0,111.0,0.55409527,180.0,111.0,0.45017675,169.0,115.0,0.63072175,157.0,111.0,0.70677185,198.0,105.0,0.50544924,188.0,105.0,0.6769197,214.0,100.0,0.198026,223.0,89.0,0.54532605,100.0,130.0,0.6923442,95.0,134.0,0.84674054,51.0,125.0,0.7209519,100.0,189.0,0.402733,18.0,118.0,0.48528615,98.0,250.0,0.6161442
guy3_warrior138.jpg,110.0,130.0,0.59310406,109.0,125.0,0.6384562,105.0,127.0,0.5748832,119.0,115.0,0.64847565,112.0,119.0,0.51559925,139.0,116.0,0.47251713,125.0,123.0,0.4918136,105.0,103.0,0.37052968,87.0,112.0,0.36528695,75.0,87.0,0.55556893,52.0,105.0,0.51335514,204.0,138.0,0.63788927,202.0,134.0,0.5358536,198.0,194.0,0.7000779,242.0,128.0,0.42595434,201.0,251.0,0.78853095,282.0,124.0,0.64150095
guy3_warrior138_flipped.jpg,188.0,128.0,0.6549994,192.0,124.0,0.6578536,190.0,123.0,0.653159,186.0,115.0,0.5433345,182.0,113.0,0.5504763,175.0,116.0,0.68005234,161.0,112.0,0.5159013,208.0,110.0,0.5168747,188.0,107.0,0.3092318,244.0,106.0,0.4168421,226.0,89.0,0.50689363,104.0,132.0,0.52159846,98.0,137.0,0.56186384,60.0,129.0,0.39308575,102.0,193.0,0.38942906,21.0,122.0,0.2567716,98.0,250.0,0.36838824
guy3_warrior139.jpg,109.0,131.0,0.46996522,109.0,126.0,0.49300677,106.0,127.0,0.6141599,119.0,116.0,0.47686952,112.0,120.0,0.40097967,139.0,119.0,0.57352155,122.0,126.0,0.59831846,102.0,104.0,0.34894264,85.0,113.0,0.39397407,71.0,86.0,0.6058917,51.0,106.0,0.5043465,203.0,139.0,0.6409359,201.0,134.0,0.41184238,198.0,195.0,0.6223467,242.0,130.0,0.46772885,199.0,251.0,0.78966343,280.0,126.0,0.6204777
guy3_warrior139_flipped.jpg,188.0,129.0,0.6120512,193.0,125.0,0.71483254,191.0,125.0,0.6325903,186.0,116.0,0.5321084,182.0,113.0,0.5723504,175.0,117.0,0.5564449,161.0,114.0,0.6183163,208.0,113.0,0.47301438,200.0,104.0,0.36760288,246.0,108.0,0.45576447,223.0,90.0,0.73813117,105.0,132.0,0.5679056,99.0,138.0,0.5896166,59.0,130.0,0.4244115,103.0,195.0,0.5754965,19.0,124.0,0.394451,99.0,251.0,0.50984764
guy3_warrior140.jpg,110.0,132.0,0.5247415,109.0,127.0,0.43386212,105.0,130.0,0.6351042,117.0,118.0,0.60531974,110.0,123.0,0.47116572,137.0,119.0,0.5523195,122.0,124.0,0.48390964,100.0,106.0,0.19906396,84.0,114.0,0.36646488,73.0,89.0,0.450848,51.0,108.0,0.5916337,200.0,141.0,0.54250467,200.0,136.0,0.4200109,197.0,196.0,0.4669471,241.0,131.0,0.41344953,198.0,253.0,0.678648,280.0,127.0,0.4339945
guy3_warrior140_flipped.jpg,189.0,130.0,0.55153656,193.0,126.0,0.54838276,191.0,126.0,0.557561,187.0,116.0,0.41266584,183.0,114.0,0.36265948,175.0,116.0,0.5736948,159.0,115.0,0.44661692,206.0,112.0,0.48077923,195.0,107.0,0.28044254,244.0,109.0,0.38632658,226.0,91.0,0.58417,104.0,133.0,0.5607598,100.0,139.0,0.4145846,61.0,133.0,0.4523408,103.0,196.0,0.6296568,24.0,125.0,0.33908942,99.0,251.0,0.60705376
guy3_warrior141.jpg,110.0,133.0,0.5807124,109.0,129.0,0.6123513,106.0,130.0,0.60684276,116.0,119.0,0.55835557,110.0,122.0,0.48732355,135.0,119.0,0.5106185,118.0,129.0,0.4696097,105.0,109.0,0.28206128,85.0,134.0,0.41863695,77.0,94.0,0.6981151,53.0,147.0,0.6734496,198.0,142.0,0.45029545,197.0,137.0,0.48119935,196.0,197.0,0.40629628,242.0,130.0,0.4974597,197.0,254.0,0.7061571,279.0,129.0,0.44057328
guy3_warrior141_flipped.jpg,189.0,132.0,0.51224554,193.0,128.0,0.6491264,191.0,126.0,0.35810995,188.0,119.0,0.45050433,183.0,116.0,0.45345145,179.0,125.0,0.5690409,161.0,115.0,0.4878464,210.0,135.0,0.5708784,189.0,113.0,0.34513795,248.0,146.0,0.5835716,221.0,96.0,0.74297214,106.0,135.0,0.52809286,101.0,141.0,0.5731882,64.0,134.0,0.4824253,104.0,197.0,0.56794107,26.0,127.0,0.3739435,99.0,253.0,0.68462276
guy3_warrior142.jpg,109.0,135.0,0.5382801,108.0,130.0,0.5405866,105.0,130.0,0.5706177,115.0,120.0,0.6324886,109.0,124.0,0.51710117,135.0,119.0,0.5339056,121.0,129.0,0.47964972,102.0,111.0,0.27289522,85.0,136.0,0.41754916,73.0,94.0,0.60188407,53.0,147.0,0.6998022,198.0,144.0,0.40399104,198.0,140.0,0.43061054,194.0,198.0,0.5412209,242.0,132.0,0.44414607,196.0,255.0,0.6679505,278.0,130.0,0.43112883
guy3_warrior142_flipped.jpg,189.0,132.0,0.5111554,193.0,129.0,0.63103616,191.0,127.0,0.3423787,188.0,121.0,0.47029495,183.0,116.0,0.4076992,181.0,125.0,0.5664184,162.0,116.0,0.5310341,210.0,136.0,0.5609816,192.0,113.0,0.42086944,249.0,147.0,0.5735513,222.0,97.0,0.6072558,107.0,137.0,0.5846008,99.0,141.0,0.5336628,84.0,140.0,0.23352541,104.0,197.0,0.45963657,23.0,128.0,0.3285928,100.0,254.0,0.76129025
guy3_warrior143.jpg,109.0,133.0,0.5181449,108.0,128.0,0.466589,105.0,130.0,0.5884737,115.0,118.0,0.50178784,111.0,122.0,0.423392,134.0,121.0,0.4354577,122.0,124.0,0.4526282,100.0,111.0,0.23985684,86.0,117.0,0.31496373,70.0,96.0,0.67523986,54.0,111.0,0.35562703,198.0,147.0,0.5637051,197.0,140.0,0.47502872,193.0,200.0,0.63159066,241.0,134.0,0.39549246,196.0,255.0,0.709129,277.0,133.0,0.36160582
guy3_warrior143_flipped.jpg,188.0,134.0,0.5032609,192.0,129.0,0.478866,190.0,129.0,0.4032294,186.0,120.0,0.3618031,182.0,119.0,0.36262548,175.0,120.0,0.5742632,157.0,118.0,0.5674614,210.0,114.0,0.4340344,194.0,113.0,0.36861122,232.0,100.0,0.1986432,225.0,99.0,0.3079583,105.0,137.0,0.65014815,104.0,144.0,0.75277746,57.0,134.0,0.6090346,105.0,201.0,0.5446955,18.0,127.0,0.61561304,102.0,255.0,0.7072953
guy3_warrior144.jpg,106.0,131.0,0.50173736,106.0,126.0,0.52399725,102.0,127.0,0.40987363,117.0,116.0,0.557567,109.0,119.0,0.4186657,134.0,121.0,0.4700277,121.0,124.0,0.45652032,92.0,113.0,0.39204812,87.0,117.0,0.3281102,66.0,96.0,0.649428,56.0,108.0,0.3979282,198.0,148.0,0.49579462,199.0,139.0,0.46901268,191.0,201.0,0.61787504,240.0,138.0,0.48615214,196.0,256.0,0.69973886,277.0,135.0,0.3022996
guy3_warrior144_flipped.jpg,192.0,131.0,0.53649557,196.0,126.0,0.46175072,194.0,126.0,0.5166593,190.0,117.0,0.418257,186.0,117.0,0.5386253,175.0,122.0,0.6129901,162.0,118.0,0.6099433,204.0,115.0,0.5051762,194.0,112.0,0.43601224,230.0,103.0,0.33195186,231.0,100.0,0.61042017,106.0,138.0,0.598208,102.0,142.0,0.6098095,81.0,143.0,0.17341875,107.0,199.0,0.4012862,23.0,132.0,0.29807264,101.0,254.0,0.52237725
guy3_warrior145.jpg,108.0,131.0,0.42746654,107.0,126.0,0.399447,103.0,128.0,0.5027444,115.0,117.0,0.48479846,112.0,121.0,0.4115607,133.0,120.0,0.3569986,123.0,121.0,0.36556992,90.0,110.0,0.26863518,88.0,113.0,0.31071746,65.0,99.0,0.47297528,58.0,105.0,0.37925053,196.0,148.0,0.5048133,197.0,141.0,0.52017355,190.0,202.0,0.6077365,239.0,142.0,0.4200579,195.0,256.0,0.695934,278.0,137.0,0.42546666
guy3_warrior145_flipped.jpg,186.0,134.0,0.5376765,190.0,129.0,0.4080094,189.0,129.0,0.48558512,184.0,118.0,0.51807624,181.0,119.0,0.47706062,167.0,119.0,0.51460123,157.0,119.0,0.6026231,202.0,114.0,0.39344537,197.0,116.0,0.33256695,229.0,101.0,0.35141212,231.0,101.0,0.38693088,106.0,140.0,0.6908511,105.0,145.0,0.68731105,59.0,141.0,0.62991214,107.0,203.0,0.49453825,20.0,134.0,0.76333046,103.0,255.0,0.8701504
guy3_warrior146.jpg,107.0,128.0,0.5522442,106.0,123.0,0.50222266,104.0,124.0,0.5420674,116.0,115.0,0.61074597,112.0,118.0,0.32971507,133.0,120.0,0.42308474,121.0,121.0,0.4194599,86.0,108.0,0.33984917,83.0,111.0,0.34831604,63.0,96.0,0.35706726,53.0,103.0,0.4416473,195.0,149.0,0.62080693,194.0,142.0,0.5121871,190.0,202.0,0.5314327,236.0,146.0,0.32545015,194.0,257.0,0.6816431,276.0,142.0,0.44357333
guy3_warrior146_flipped.jpg,192.0,128.0,0.5975976,195.0,124.0,0.5860972,194.0,124.0,0.6501178,188.0,115.0,0.558126,186.0,115.0,0.601941,173.0,121.0,0.4980823,159.0,116.0,0.64670444,208.0,112.0,0.5691104,207.0,109.0,0.38363728,235.0,103.0,0.37462977,236.0,100.0,0.40820846,106.0,143.0,0.7273259,103.0,147.0,0.64571995,64.0,147.0,0.58256423,109.0,203.0,0.57918113,22.0,140.0,0.5238373,104.0,257.0,0.77527314
guy3_warrior147.jpg,106.0,126.0,0.49854127,105.0,122.0,0.4707724,102.0,123.0,0.5841563,116.0,113.0,0.51986283,110.0,116.0,0.39735216,134.0,118.0,0.43786082,121.0,120.0,0.43015,89.0,107.0,0.44719452,86.0,108.0,0.30535054,62.0,96.0,0.5885047,59.0,98.0,0.36314622,194.0,149.0,0.6042004,193.0,142.0,0.5162717,189.0,203.0,0.7336023,235.0,151.0,0.31062564,192.0,259.0,0.69479185,276.0,149.0,0.38217556
guy3_warrior147_flipped.jpg,192.0,128.0,0.5559533,195.0,124.0,0.5852347,193.0,124.0,0.62394536,188.0,116.0,0.57634836,186.0,115.0,0.5926092,174.0,121.0,0.5576037,160.0,115.0,0.5507601,206.0,110.0,0.58216524,206.0,107.0,0.46083456,237.0,100.0,0.43254387,240.0,99.0,0.5388093,107.0,148.0,0.67527,104.0,149.0,0.64950776,63.0,151.0,0.76019657,111.0,205.0,0.5963729,23.0,150.0,0.5430423,105.0,258.0,0.78902483
guy3_warrior148.jpg,105.0,127.0,0.48691943,106.0,122.0,0.556061,102.0,123.0,0.4420257,117.0,114.0,0.52001417,111.0,117.0,0.33068603,136.0,120.0,0.4618872,122.0,120.0,0.33478126,99.0,106.0,0.37019795,91.0,107.0,0.38828123,63.0,93.0,0.5207702,60.0,94.0,0.5175897,193.0,149.0,0.6272284,190.0,144.0,0.49203247,188.0,204.0,0.75023997,234.0,155.0,0.25928363,191.0,260.0,0.74747074,277.0,155.0,0.39162895
guy3_warrior148_flipped.jpg,194.0,126.0,0.5533817,196.0,122.0,0.50923395,194.0,122.0,0.533504,189.0,114.0,0.5942297,186.0,113.0,0.53471637,174.0,122.0,0.5980426,158.0,115.0,0.6246064,206.0,109.0,0.5233425,200.0,107.0,0.3260218,237.0,97.0,0.402739,239.0,95.0,0.41214597,109.0,149.0,0.6135998,103.0,150.0,0.51921654,65.0,154.0,0.6660542,112.0,206.0,0.65302396,23.0,154.0,0.6313064,106.0,259.0,0.8974666
guy3_warrior149.jpg,106.0,124.0,0.5589038,107.0,119.0,0.56536233,102.0,120.0,0.6301377,117.0,111.0,0.58725774,110.0,114.0,0.24274369,136.0,116.0,0.51901686,123.0,116.0,0.2899956,101.0,103.0,0.3697249,91.0,105.0,0.33827984,65.0,90.0,0.4426831,62.0,93.0,0.50695384,193.0,151.0,0.562392,191.0,145.0,0.55283487,188.0,205.0,0.74990505,233.0,159.0,0.39086255,191.0,260.0,0.8142758,279.0,166.0,0.19817273
guy3_warrior149_flipped.jpg,194.0,122.0,0.62356186,196.0,118.0,0.6320082,195.0,118.0,0.6236102,188.0,111.0,0.68526435,185.0,109.0,0.6551226,177.0,118.0,0.5979931,157.0,112.0,0.8049104,203.0,107.0,0.57334465,194.0,103.0,0.5890857,236.0,95.0,0.35157165,234.0,92.0,0.60245144,107.0,151.0,0.71172297,102.0,152.0,0.6860002,67.0,160.0,0.6335721,112.0,207.0,0.53294516,23.0,161.0,0.5575853,107.0,259.0,0.888489
guy3_warrior150.jpg,107.0,121.0,0.56473774,107.0,115.0,0.5494993,103.0,117.0,0.56226325,121.0,109.0,0.46039814,112.0,112.0,0.31734505,138.0,115.0,0.44074547,122.0,117.0,0.29489768,104.0,99.0,0.29558128,92.0,104.0,0.4767603,69.0,86.0,0.3953763,61.0,89.0,0.41275546,190.0,151.0,0.55759096,186.0,148.0,0.58118105,186.0,205.0,0.7891636,231.0,162.0,0.4800489,190.0,261.0,0.84526014,276.0,167.0,0.38517222
guy3_warrior150_flipped.jpg,192.0,123.0,0.59324455,194.0,119.0,0.7388102,192.0,118.0,0.6185277,186.0,110.0,0.6953854,184.0,109.0,0.6597199,175.0,115.0,0.77502495,157.0,110.0,0.77858776,204.0,103.0,0.5278533,199.0,99.0,0.61855745,236.0,92.0,0.4716309,234.0,87.0,0.6162572,108.0,152.0,0.63939595,104.0,153.0,0.8125123,66.0,163.0,0.65366125,113.0,208.0,0.7796758,22.0,168.0,0.7778405,109.0,259.0,0.8635835
